,image_name,type,xmin,xmax,ymin,ymax
1426,34145Date_14_08_2019.jpg,other,286,354,56,151
1960,5764Date_03_08_2019.jpg,wood,242,277,292,380
1111,2949Date_02_08_2019.jpg,armature,288,464,142,412
2399,9165Date_04_08_2019.jpg,armature,58,258,32,352
2261,8177Date_04_08_2019.jpg,armature,444,702,166,420
607,12909Date_06_08_2019.jpg,armature,39,233,1,279
2449,9466Date_04_08_2019.jpg,armature,203,339,247,355
749,13864Date_06_08_2019.jpg,armature,186,391,2,358
1363,33534Date_14_08_2019.jpg,armature,125,322,113,298
2287,8293Date_04_08_2019.jpg,armature,1,324,76,295
203,10018Date_05_08_2019.jpg,armature,96,321,99,364
77,0333Date_01_08_2019.jpg,armature,127,223,228,316
1981,5923Date_03_08_2019.jpg,armature,3,195,152,370
249,10384Date_05_08_2019.jpg,armature,271,372,2,99
2418,9278Date_04_08_2019.jpg,armature,596,659,1,63
1667,37487Date_15_08_2019.jpg,armature,106,310,0,383
2482,9613Date_04_08_2019.jpg,other,236,313,126,194
1190,3179Date_02_08_2019.jpg,armature,106,703,139,298
2021,6104Date_03_08_2019.jpg,armature,34,428,2,384
667,13262Date_06_08_2019.jpg,armature,393,602,34,242
2185,7543Date_04_08_2019.jpg,armature,349,470,127,365
1050,2652Date_02_08_2019.jpg,armature,438,548,176,420
2267,8193Date_04_08_2019.jpg,armature,303,521,253,362
2379,9113Date_04_08_2019.jpg,armature,88,221,42,353
2390,9134Date_04_08_2019.jpg,armature,89,607,6,201
1395,3382Date_02_08_2019.jpg,armature,382,407,290,420
2253,8136Date_04_08_2019.jpg,armature,137,227,190,321
2192,7592Date_04_08_2019.jpg,armature,1,287,60,266
1175,31555Date_13_08_2019.jpg,armature,4,447,3,143
1044,2614Date_02_08_2019.jpg,armature,107,419,21,362
1590,36242Date_15_08_2019.jpg,other,344,442,132,210
408,11916Date_05_08_2019.jpg,armature,404,490,57,419
2226,7941Date_04_08_2019.jpg,wood,111,178,127,320
442,12163Date_05_08_2019.jpg,armature,97,385,88,351
2044,6265Date_03_08_2019.jpg,wood,102,314,165,365
624,12995Date_06_08_2019.jpg,wood,90,158,147,233
2123,6938Date_04_08_2019.jpg,armature,280,383,236,260
1288,3280Date_02_08_2019.jpg,armature,315,458,131,319
289,10732Date_05_08_2019.jpg,wood,468,523,338,366
1221,3231Date_02_08_2019.jpg,armature,142,418,46,420
188,0956Date_02_08_2019.jpg,armature,197,338,59,322
1641,37065Date_15_08_2019.jpg,armature,101,364,154,419
2286,8288Date_04_08_2019.jpg,armature,80,235,1,260
284,10670Date_05_08_2019.jpg,armature,230,317,32,156
1848,4710Date_03_08_2019.jpg,armature,174,603,74,265
354,1139Date_02_08_2019.jpg,armature,256,364,112,305
2165,7364Date_04_08_2019.jpg,armature,1,509,79,346
987,2013Date_02_08_2019.jpg,armature,202,668,137,288
2464,9553Date_04_08_2019.jpg,armature,588,693,0,420
1671,37585Date_15_08_2019.jpg,armature,80,395,26,376
796,14089Date_06_08_2019.jpg,armature,145,581,55,256
1332,33188Date_13_08_2019.jpg,armature,235,655,80,419
438,12139Date_05_08_2019.jpg,armature,3,275,45,195
1467,34863Date_14_08_2019.jpg,armature,151,370,125,203
312,10987Date_05_08_2019.jpg,wood,149,209,175,387
1060,2676Date_02_08_2019.jpg,armature,102,210,0,296
2528,9912Date_05_08_2019.jpg,wood,176,294,176,239
1668,37489Date_15_08_2019.jpg,armature,122,440,11,280
1407,33925Date_14_08_2019.jpg,armature,2,297,1,413
2334,8758Date_04_08_2019.jpg,armature,256,334,155,420
2484,9626Date_04_08_2019.jpg,armature,69,292,48,115
1286,32807Date_13_08_2019.jpg,armature,225,664,30,346
1216,32205Date_13_08_2019.jpg,armature,33,397,51,317
1982,5924Date_03_08_2019.jpg,armature,244,383,76,159
933,1539Date_02_08_2019.jpg,armature,163,403,18,313
13,0053Date_01_08_2019.jpg,armature,133,425,1,235
1538,35463Date_14_08_2019.jpg,armature,150,380,0,251
2052,6306Date_03_08_2019.jpg,armature,12,487,1,341
581,12815Date_06_08_2019.jpg,armature,202,468,3,174
1676,37640Date_15_08_2019.jpg,armature,221,567,130,309
511,12518Date_05_08_2019.jpg,armature,198,455,136,247
893,14696Date_06_08_2019.jpg,armature,127,300,57,403
2178,7481Date_04_08_2019.jpg,armature,164,343,247,421
35,0099Date_01_08_2019.jpg,armature,1,303,54,337
1092,2817Date_02_08_2019.jpg,armature,462,669,164,405
1103,2880Date_02_08_2019.jpg,armature,224,326,0,92
59,0254Date_01_08_2019.jpg,armature,569,700,0,250
2460,9541Date_04_08_2019.jpg,armature,140,379,239,367
429,12048Date_05_08_2019.jpg,armature,428,612,280,408
1128,2974Date_02_08_2019.jpg,wood,615,646,255,352
680,13387Date_06_08_2019.jpg,armature,154,563,0,360
286,10696Date_05_08_2019.jpg,armature,183,343,1,355
2007,6043Date_03_08_2019.jpg,wood,229,445,214,386
2032,6160Date_03_08_2019.jpg,wood,136,297,163,244
1767,4141Date_03_08_2019.jpg,armature,173,330,1,206
1116,2960Date_02_08_2019.jpg,armature,40,294,109,396
2036,6178Date_03_08_2019.jpg,armature,184,464,3,341
1682,37758Date_15_08_2019.jpg,armature,255,701,12,206
1086,2791Date_02_08_2019.jpg,armature,133,374,124,207
782,14021Date_06_08_2019.jpg,armature,193,436,82,341
873,14564Date_06_08_2019.jpg,armature,188,370,0,417
1626,36809Date_15_08_2019.jpg,armature,104,372,103,400
1113,2952Date_02_08_2019.jpg,armature,588,699,200,387
106,0437Date_02_08_2019.jpg,armature,78,320,103,307
1247,32514Date_13_08_2019.jpg,armature,85,370,13,375
2146,7130Date_04_08_2019.jpg,armature,1,205,165,376
2089,6657Date_03_08_2019.jpg,armature,180,472,284,420
406,11900Date_05_08_2019.jpg,armature,510,702,28,298
1352,33366Date_13_08_2019.jpg,armature,471,685,216,419
92,0385Date_01_08_2019.jpg,armature,139,309,112,315
147,0623Date_02_08_2019.jpg,armature,114,288,0,224
267,1043Date_02_08_2019.jpg,armature,288,684,90,306
1616,36645Date_15_08_2019.jpg,armature,198,556,159,419
533,12611Date_05_08_2019.jpg,armature,284,668,81,179
1965,5835Date_03_08_2019.jpg,armature,29,484,2,365
2415,9256Date_04_08_2019.jpg,armature,26,417,24,177
420,12016Date_05_08_2019.jpg,armature,361,423,0,120
1025,2485Date_02_08_2019.jpg,armature,243,501,0,274
2404,9175Date_04_08_2019.jpg,armature,16,547,138,420
1184,3173Date_02_08_2019.jpg,armature,343,516,64,100
2214,7794Date_04_08_2019.jpg,wood,431,644,309,380
157,0727Date_02_08_2019.jpg,armature,160,433,44,350
2410,9236Date_04_08_2019.jpg,armature,145,439,1,337
577,12796Date_06_08_2019.jpg,armature,571,610,0,136
2055,6321Date_03_08_2019.jpg,armature,150,532,38,270
594,1286Date_02_08_2019.jpg,armature,217,321,75,233
70,0291Date_01_08_2019.jpg,wood,293,450,72,125
2348,8899Date_04_08_2019.jpg,wood,225,415,314,373
1472,34893Date_14_08_2019.jpg,armature,135,329,91,341
823,14308Date_06_08_2019.jpg,armature,38,334,58,202
1789,4217Date_03_08_2019.jpg,armature,461,649,73,162
1611,3658Date_03_08_2019.jpg,armature,160,305,136,385
1453,34431Date_14_08_2019.jpg,armature,201,519,56,379
1126,2974Date_02_08_2019.jpg,armature,379,515,124,334
322,11200Date_05_08_2019.jpg,armature,3,224,60,395
439,12141Date_05_08_2019.jpg,armature,394,702,82,330
747,13858Date_06_08_2019.jpg,wood,163,290,16,162
2082,6612Date_03_08_2019.jpg,armature,99,502,134,401
2274,8235Date_04_08_2019.jpg,other,6,132,142,317
2517,9866Date_05_08_2019.jpg,armature,119,287,241,405
1517,3528Date_03_08_2019.jpg,armature,7,379,2,254
809,14136Date_06_08_2019.jpg,armature,123,369,5,162
1945,5675Date_03_08_2019.jpg,wood,111,200,156,283
1127,2974Date_02_08_2019.jpg,armature,280,703,0,270
1569,36002Date_15_08_2019.jpg,armature,62,459,69,143
697,13559Date_06_08_2019.jpg,wood,174,283,72,252
1261,32570Date_13_08_2019.jpg,wood,126,195,205,394
869,1455Date_02_08_2019.jpg,armature,193,281,250,328
1360,3347Date_02_08_2019.jpg,armature,448,594,178,240
799,14095Date_06_08_2019.jpg,armature,331,628,295,418
2487,9631Date_05_08_2019.jpg,armature,352,416,287,380
1843,4671Date_03_08_2019.jpg,armature,89,209,52,372
2234,8023Date_04_08_2019.jpg,wood,226,340,210,420
1348,3333Date_02_08_2019.jpg,armature,136,434,119,379
1282,32779Date_13_08_2019.jpg,armature,265,641,24,390
1992,5989Date_03_08_2019.jpg,armature,290,647,47,360
1220,32316Date_13_08_2019.jpg,armature,142,697,17,304
843,14406Date_06_08_2019.jpg,armature,214,338,10,370
1773,4150Date_03_08_2019.jpg,armature,126,518,40,241
1956,5754Date_03_08_2019.jpg,armature,164,256,284,420
914,14850Date_06_08_2019.jpg,armature,34,306,0,407
943,1632Date_02_08_2019.jpg,armature,146,269,135,264
1933,5557Date_03_08_2019.jpg,armature,84,410,30,419
2168,7384Date_04_08_2019.jpg,armature,173,386,107,154
2121,6929Date_04_08_2019.jpg,armature,120,426,323,418
1623,3668Date_03_08_2019.jpg,wood,172,309,0,347
1496,35075Date_14_08_2019.jpg,armature,343,563,97,319
383,11747Date_05_08_2019.jpg,armature,496,601,67,420
1040,2603Date_02_08_2019.jpg,armature,257,454,67,149
1364,33536Date_14_08_2019.jpg,other,138,368,2,329
2419,9279Date_04_08_2019.jpg,armature,111,565,1,337
1223,32343Date_13_08_2019.jpg,armature,148,445,111,333
1772,4143Date_03_08_2019.jpg,armature,362,532,2,227
1090,2810Date_02_08_2019.jpg,wood,160,250,134,251
757,13900Date_06_08_2019.jpg,armature,180,520,0,254
82,0345Date_01_08_2019.jpg,armature,66,544,2,377
2463,9550Date_04_08_2019.jpg,armature,119,244,159,361
1014,2326Date_02_08_2019.jpg,armature,297,602,99,368
693,13541Date_06_08_2019.jpg,armature,16,435,112,298
340,11306Date_05_08_2019.jpg,armature,411,608,49,355
1070,2727Date_02_08_2019.jpg,armature,117,318,14,340
1932,5549Date_03_08_2019.jpg,armature,162,323,1,298
298,10825Date_05_08_2019.jpg,other,514,615,68,153
2338,8810Date_04_08_2019.jpg,armature,1,306,41,372
1753,4085Date_03_08_2019.jpg,armature,115,301,80,292
1854,4735Date_03_08_2019.jpg,armature,430,526,260,321
2130,6970Date_04_08_2019.jpg,wood,181,250,243,380
1498,35084Date_14_08_2019.jpg,armature,559,696,154,419
1625,36769Date_15_08_2019.jpg,armature,199,407,67,316
31,0096Date_01_08_2019.jpg,armature,125,528,194,385
832,14354Date_06_08_2019.jpg,armature,266,457,11,419
455,12260Date_05_08_2019.jpg,armature,10,488,25,196
845,14421Date_06_08_2019.jpg,armature,276,324,53,121
1532,35434Date_14_08_2019.jpg,armature,3,404,0,182
542,12657Date_06_08_2019.jpg,armature,316,530,3,195
283,1061Date_02_08_2019.jpg,armature,32,330,81,415
2450,9478Date_04_08_2019.jpg,armature,134,249,81,346
68,0286Date_01_08_2019.jpg,armature,474,565,72,165
1546,35624Date_15_08_2019.jpg,armature,361,448,6,186
754,13887Date_06_08_2019.jpg,armature,157,563,4,285
1571,36007Date_15_08_2019.jpg,armature,20,247,97,359
552,12677Date_06_08_2019.jpg,armature,199,602,92,420
237,10258Date_05_08_2019.jpg,armature,175,606,40,309
2387,9132Date_04_08_2019.jpg,armature,3,274,188,352
534,12613Date_05_08_2019.jpg,armature,1,391,12,309
872,14563Date_06_08_2019.jpg,armature,2,85,0,392
446,12189Date_05_08_2019.jpg,armature,235,629,0,287
2057,6341Date_03_08_2019.jpg,armature,218,663,147,370
2319,8565Date_04_08_2019.jpg,armature,318,619,1,287
452,12251Date_05_08_2019.jpg,other,358,513,155,266
388,1178Date_02_08_2019.jpg,armature,298,329,312,415
741,13848Date_06_08_2019.jpg,armature,346,659,68,243
54,0235Date_01_08_2019.jpg,armature,339,466,226,281
1562,3576Date_03_08_2019.jpg,armature,194,281,87,184
1385,33759Date_14_08_2019.jpg,armature,125,411,111,302
78,0336Date_01_08_2019.jpg,armature,71,579,282,409
130,0549Date_02_08_2019.jpg,armature,47,269,130,375
2455,9504Date_04_08_2019.jpg,armature,205,350,157,333
1486,35007Date_14_08_2019.jpg,armature,0,296,153,401
2073,6544Date_03_08_2019.jpg,wood,379,420,185,369
119,0494Date_02_08_2019.jpg,armature,374,703,278,407
1867,4860Date_03_08_2019.jpg,armature,399,495,131,249
536,12616Date_05_08_2019.jpg,armature,158,348,0,371
651,13128Date_06_08_2019.jpg,other,602,703,133,314
1844,4672Date_03_08_2019.jpg,armature,277,410,69,385
318,1108Date_02_08_2019.jpg,armature,1,448,35,324
2497,9719Date_05_08_2019.jpg,armature,187,276,190,329
1826,4521Date_03_08_2019.jpg,armature,152,416,0,229
459,12282Date_05_08_2019.jpg,wood,117,224,56,213
2357,8987Date_04_08_2019.jpg,armature,273,520,93,258
2259,8175Date_04_08_2019.jpg,armature,458,601,79,290
1345,33313Date_13_08_2019.jpg,armature,92,377,35,254
58,0247Date_01_08_2019.jpg,armature,137,395,249,297
2264,8189Date_04_08_2019.jpg,wood,276,383,218,405
764,1394Date_02_08_2019.jpg,armature,113,322,272,403
1559,3575Date_03_08_2019.jpg,armature,147,229,86,184
1394,3382Date_02_08_2019.jpg,armature,420,620,140,389
1705,38249Date_16_08_2019.jpg,wood,134,244,41,338
730,13814Date_06_08_2019.jpg,armature,281,372,213,293
1656,37362Date_15_08_2019.jpg,armature,41,487,9,421
1680,37755Date_15_08_2019.jpg,armature,222,493,277,421
2208,7773Date_04_08_2019.jpg,wood,228,336,6,155
777,14006Date_06_08_2019.jpg,armature,37,703,205,371
1666,37486Date_15_08_2019.jpg,armature,59,249,2,376
792,14086Date_06_08_2019.jpg,armature,203,249,1,130
599,12896Date_06_08_2019.jpg,armature,53,166,91,368
1105,2882Date_02_08_2019.jpg,armature,157,332,16,87
1495,35074Date_14_08_2019.jpg,armature,63,271,81,299
1011,2310Date_02_08_2019.jpg,armature,178,319,109,170
2128,6953Date_04_08_2019.jpg,armature,216,346,58,281
1527,3536Date_03_08_2019.jpg,armature,227,588,3,344
1943,5641Date_03_08_2019.jpg,armature,328,469,163,386
2224,7920Date_04_08_2019.jpg,armature,48,450,2,212
136,0576Date_02_08_2019.jpg,armature,138,555,1,277
1596,3631Date_03_08_2019.jpg,armature,122,239,0,217
456,12261Date_05_08_2019.jpg,armature,237,703,53,210
2520,9893Date_05_08_2019.jpg,armature,147,487,29,263
470,12331Date_05_08_2019.jpg,armature,240,697,97,360
1097,28450Date_12_08_2019.jpg,other,69,302,103,276
299,1083Date_02_08_2019.jpg,armature,285,390,296,419
619,12963Date_06_08_2019.jpg,armature,204,241,170,333
44,0190Date_01_08_2019.jpg,armature,374,502,216,418
404,11885Date_05_08_2019.jpg,armature,23,41,289,420
22,0067Date_01_08_2019.jpg,wood,88,278,307,395
2228,7973Date_04_08_2019.jpg,other,7,288,129,313
1825,4520Date_03_08_2019.jpg,armature,27,270,1,227
248,10371Date_05_08_2019.jpg,armature,97,476,88,384
397,11823Date_05_08_2019.jpg,armature,207,372,190,281
598,12893Date_06_08_2019.jpg,armature,140,408,5,343
590,12856Date_06_08_2019.jpg,armature,350,384,237,386
919,14962Date_06_08_2019.jpg,armature,257,503,241,419
1575,36015Date_15_08_2019.jpg,armature,128,473,151,420
1725,3899Date_03_08_2019.jpg,armature,610,702,68,374
392,11806Date_05_08_2019.jpg,armature,4,288,141,299
740,13845Date_06_08_2019.jpg,armature,116,258,228,360
1880,4934Date_03_08_2019.jpg,armature,160,465,2,119
1881,4948Date_03_08_2019.jpg,armature,91,247,9,277
1229,3235Date_02_08_2019.jpg,armature,447,703,86,402
871,14560Date_06_08_2019.jpg,other,217,462,0,287
1089,2804Date_02_08_2019.jpg,wood,112,193,162,370
686,13406Date_06_08_2019.jpg,wood,145,256,185,232
1094,2833Date_02_08_2019.jpg,armature,2,346,109,418
1817,4448Date_03_08_2019.jpg,armature,119,328,272,343
1342,33302Date_13_08_2019.jpg,armature,37,315,60,359
415,11972Date_05_08_2019.jpg,armature,409,523,161,420
350,11369Date_05_08_2019.jpg,armature,266,557,172,419
1381,33717Date_14_08_2019.jpg,armature,296,391,166,305
538,12649Date_06_08_2019.jpg,armature,2,364,151,329
2347,8897Date_04_08_2019.jpg,armature,167,277,128,353
1246,32470Date_13_08_2019.jpg,armature,242,523,228,301
955,1753Date_02_08_2019.jpg,armature,129,575,177,407
1095,2834Date_02_08_2019.jpg,armature,170,315,184,235
1633,3697Date_03_08_2019.jpg,armature,205,340,184,303
19,0063Date_01_08_2019.jpg,armature,443,527,1,199
1631,3689Date_03_08_2019.jpg,armature,37,270,125,353
224,10084Date_05_08_2019.jpg,armature,61,264,210,307
1129,2975Date_02_08_2019.jpg,armature,4,270,35,386
475,12373Date_05_08_2019.jpg,armature,392,698,26,414
1080,2763Date_02_08_2019.jpg,armature,146,334,191,300
947,1695Date_02_08_2019.jpg,wood,128,189,110,369
630,13012Date_06_08_2019.jpg,armature,122,294,198,255
62,0266Date_01_08_2019.jpg,armature,182,406,85,222
683,13393Date_06_08_2019.jpg,armature,105,518,271,420
543,12658Date_06_08_2019.jpg,armature,136,257,191,410
1231,32427Date_13_08_2019.jpg,wood,405,497,32,111
1398,33844Date_14_08_2019.jpg,armature,139,367,101,364
502,12496Date_05_08_2019.jpg,armature,98,305,56,347
2291,8299Date_04_08_2019.jpg,wood,141,243,2,91
637,13036Date_06_08_2019.jpg,wood,241,473,0,148
1715,38346Date_16_08_2019.jpg,armature,30,124,49,325
2119,6926Date_04_08_2019.jpg,armature,89,464,148,400
1563,35781Date_15_08_2019.jpg,armature,229,516,0,415
545,12661Date_06_08_2019.jpg,armature,127,550,84,420
144,0612Date_02_08_2019.jpg,armature,204,298,247,365
942,15out123.jpg,other,484,703,9,372
1174,31548Date_13_08_2019.jpg,armature,210,504,266,357
40,0136Date_01_08_2019.jpg,armature,576,703,94,213
1972,5889Date_03_08_2019.jpg,armature,110,184,331,420
2063,6416Date_03_08_2019.jpg,armature,88,452,91,418
1513,35251Date_14_08_2019.jpg,armature,160,536,42,415
1210,3206Date_02_08_2019.jpg,armature,356,536,76,188
199,0993Date_02_08_2019.jpg,armature,171,405,287,421
2507,9811Date_05_08_2019.jpg,armature,126,419,1,286
1428,34153Date_14_08_2019.jpg,armature,175,389,239,420
2276,8241Date_04_08_2019.jpg,armature,439,703,46,138
2092,6692Date_03_08_2019.jpg,armature,154,457,1,347
1555,3571Date_03_08_2019.jpg,armature,196,325,301,420
520,1255Date_02_08_2019.jpg,armature,135,483,0,309
1836,4636Date_03_08_2019.jpg,armature,155,382,58,222
478,12390Date_05_08_2019.jpg,armature,3,270,5,342
309,10972Date_05_08_2019.jpg,wood,99,157,82,307
2285,8280Date_04_08_2019.jpg,armature,121,389,187,420
654,13144Date_06_08_2019.jpg,armature,82,242,172,344
513,12524Date_05_08_2019.jpg,wood,436,523,123,230
292,10768Date_05_08_2019.jpg,armature,287,439,196,278
109,0446Date_02_08_2019.jpg,armature,138,337,106,247
1294,32877Date_13_08_2019.jpg,armature,510,703,144,420
1069,2723Date_02_08_2019.jpg,armature,355,699,80,364
835,14371Date_06_08_2019.jpg,armature,111,351,232,392
41,0142Date_01_08_2019.jpg,armature,209,287,142,350
1620,3666Date_03_08_2019.jpg,armature,214,287,79,232
2477,9609Date_04_08_2019.jpg,armature,230,490,237,346
200,0997Date_02_08_2019.jpg,wood,213,405,246,345
1774,4156Date_03_08_2019.jpg,armature,95,286,6,342
2120,6927Date_04_08_2019.jpg,armature,160,554,154,406
2384,9127Date_04_08_2019.jpg,other,521,703,142,334
495,12486Date_05_08_2019.jpg,other,326,541,21,329
800,14101Date_06_08_2019.jpg,other,213,343,168,420
1193,31832Date_13_08_2019.jpg,armature,45,223,65,264
703,13626Date_06_08_2019.jpg,armature,142,368,10,305
1088,2794Date_02_08_2019.jpg,armature,176,340,13,419
716,13751Date_06_08_2019.jpg,armature,221,438,3,260
2151,7184Date_04_08_2019.jpg,armature,290,335,173,396
458,12281Date_05_08_2019.jpg,armature,360,589,47,401
2158,7293Date_04_08_2019.jpg,armature,126,355,106,262
1583,36240Date_15_08_2019.jpg,armature,210,566,10,366
758,13905Date_06_08_2019.jpg,armature,192,652,14,270
587,12836Date_06_08_2019.jpg,other,523,686,104,340
323,11201Date_05_08_2019.jpg,armature,177,490,80,407
339,11305Date_05_08_2019.jpg,armature,130,337,28,335
2303,8444Date_04_08_2019.jpg,armature,442,542,1,404
1281,32778Date_13_08_2019.jpg,armature,175,550,21,380
510,12515Date_05_08_2019.jpg,armature,208,278,155,419
1104,2881Date_02_08_2019.jpg,armature,216,607,0,121
256,10410Date_05_08_2019.jpg,armature,633,703,134,339
1015,2328Date_02_08_2019.jpg,other,253,378,87,352
1093,2818Date_02_08_2019.jpg,armature,271,439,297,373
368,11582Date_05_08_2019.jpg,armature,284,382,256,319
114,0478Date_02_08_2019.jpg,wood,123,188,151,260
618,12961Date_06_08_2019.jpg,other,190,338,248,420
138,0580Date_02_08_2019.jpg,armature,32,169,7,392
1791,4222Date_03_08_2019.jpg,armature,193,627,2,376
2206,7758Date_04_08_2019.jpg,wood,97,238,15,241
994,2064Date_02_08_2019.jpg,armature,167,310,206,325
217,10069Date_05_08_2019.jpg,armature,3,412,1,185
2004,6017Date_03_08_2019.jpg,wood,134,289,12,160
464,1229Date_02_08_2019.jpg,armature,42,294,0,132
664,13232Date_06_08_2019.jpg,other,73,410,110,379
2137,7058Date_04_08_2019.jpg,armature,208,473,5,295
380,1172Date_02_08_2019.jpg,armature,160,620,268,376
1460,3459Date_02_08_2019.jpg,armature,323,384,42,287
1813,4424Date_03_08_2019.jpg,armature,125,257,184,311
1448,3439Date_02_08_2019.jpg,armature,178,507,152,385
1533,35435Date_14_08_2019.jpg,armature,147,641,0,235
424,12030Date_05_08_2019.jpg,armature,7,357,4,417
2194,7609Date_04_08_2019.jpg,armature,145,414,256,410
1882,4953Date_03_08_2019.jpg,armature,190,348,101,330
2501,9742Date_05_08_2019.jpg,armature,131,311,1,159
91,0378Date_01_08_2019.jpg,armature,91,235,180,418
1123,2972Date_02_08_2019.jpg,wood,93,134,215,309
75,0319Date_01_08_2019.jpg,wood,157,482,228,339
1642,37077Date_15_08_2019.jpg,armature,116,464,221,419
1225,32344Date_13_08_2019.jpg,armature,236,541,130,344
43,0185Date_01_08_2019.jpg,armature,409,496,6,170
260,10411Date_05_08_2019.jpg,armature,672,703,215,344
2270,8197Date_04_08_2019.jpg,armature,86,428,114,413
595,12880Date_06_08_2019.jpg,armature,475,703,79,192
929,1527Date_02_08_2019.jpg,armature,30,326,73,387
660,13173Date_06_08_2019.jpg,armature,143,324,1,306
261,10426Date_05_08_2019.jpg,armature,208,646,79,395
1083,2771Date_02_08_2019.jpg,armature,181,504,0,181
908,14777Date_06_08_2019.jpg,armature,45,339,4,331
2029,6157Date_03_08_2019.jpg,wood,164,202,66,196
1962,5776Date_03_08_2019.jpg,wood,130,304,1,187
382,11746Date_05_08_2019.jpg,armature,164,358,35,420
494,12481Date_05_08_2019.jpg,armature,398,687,97,418
2150,7175Date_04_08_2019.jpg,wood,268,380,251,344
127,0526Date_02_08_2019.jpg,armature,231,410,194,293
2008,6047Date_03_08_2019.jpg,wood,145,256,2,171
53,0230Date_01_08_2019.jpg,armature,70,350,3,389
854,14460Date_06_08_2019.jpg,armature,98,294,35,342
974,1902Date_02_08_2019.jpg,armature,375,659,62,420
1185,3174Date_02_08_2019.jpg,armature,181,270,154,377
756,1389Date_02_08_2019.jpg,other,221,407,9,117
201,10009Date_05_08_2019.jpg,armature,209,415,256,420
465,12300Date_05_08_2019.jpg,armature,78,329,17,292
2431,9390Date_04_08_2019.jpg,armature,157,499,87,395
1039,2602Date_02_08_2019.jpg,armature,201,405,64,142
427,12034Date_05_08_2019.jpg,armature,200,430,0,100
735,13832Date_06_08_2019.jpg,wood,2,250,169,348
1505,35180Date_14_08_2019.jpg,armature,93,417,102,402
447,12216Date_05_08_2019.jpg,armature,149,569,176,420
85,0353Date_01_08_2019.jpg,armature,0,317,220,339
951,1726Date_02_08_2019.jpg,armature,116,205,106,244
894,1469Date_02_08_2019.jpg,armature,2,180,71,419
641,13060Date_06_08_2019.jpg,armature,177,625,8,417
1610,36551Date_15_08_2019.jpg,wood,488,583,179,319
2382,9125Date_04_08_2019.jpg,other,4,173,7,256
1724,3897Date_03_08_2019.jpg,wood,188,320,181,312
2315,8504Date_04_08_2019.jpg,armature,121,248,175,386
1587,36241Date_15_08_2019.jpg,other,461,524,122,183
524,12573Date_05_08_2019.jpg,armature,99,701,185,316
736,13834Date_06_08_2019.jpg,armature,97,354,33,287
1911,5250Date_03_08_2019.jpg,armature,129,355,115,411
1635,36996Date_15_08_2019.jpg,armature,2,335,303,370
445,12169Date_05_08_2019.jpg,armature,155,363,29,272
698,13581Date_06_08_2019.jpg,armature,586,703,308,421
1224,32343Date_13_08_2019.jpg,other,595,654,285,400
196,0984Date_02_08_2019.jpg,armature,136,272,50,307
1595,3628Date_03_08_2019.jpg,armature,83,272,20,170
1152,3100Date_02_08_2019.jpg,armature,154,422,176,419
2467,9582Date_04_08_2019.jpg,armature,294,446,133,216
2080,6608Date_03_08_2019.jpg,armature,423,585,283,398
423,12028Date_05_08_2019.jpg,armature,455,499,43,275
518,1253Date_02_08_2019.jpg,armature,1,306,105,330
1988,5942Date_03_08_2019.jpg,wood,126,243,231,340
1624,3674Date_03_08_2019.jpg,armature,88,576,2,153
29,0095Date_01_08_2019.jpg,armature,247,468,19,327
2125,6946Date_04_08_2019.jpg,wood,91,140,3,118
563,12714Date_06_08_2019.jpg,armature,191,676,174,340
1196,31859Date_13_08_2019.jpg,armature,82,531,0,283
583,12829Date_06_08_2019.jpg,armature,422,673,1,251
228,10139Date_05_08_2019.jpg,armature,345,537,168,418
1043,2613Date_02_08_2019.jpg,armature,244,518,166,327
793,14087Date_06_08_2019.jpg,armature,198,429,0,394
901,14738Date_06_08_2019.jpg,armature,398,640,88,347
1696,38006Date_16_08_2019.jpg,armature,121,279,252,344
2283,8278Date_04_08_2019.jpg,armature,166,470,36,367
1586,36241Date_15_08_2019.jpg,other,393,500,277,376
648,13121Date_06_08_2019.jpg,armature,129,348,1,271
1018,2342Date_02_08_2019.jpg,armature,81,297,207,337
1065,2697Date_02_08_2019.jpg,armature,146,390,82,398
2209,7782Date_04_08_2019.jpg,armature,184,648,1,314
2302,8444Date_04_08_2019.jpg,armature,47,315,17,394
1130,2977Date_02_08_2019.jpg,armature,241,366,16,395
1424,34145Date_14_08_2019.jpg,armature,107,451,34,416
1775,4159Date_03_08_2019.jpg,armature,331,375,2,165
1647,37151Date_15_08_2019.jpg,armature,88,411,189,420
2149,7165Date_04_08_2019.jpg,armature,20,307,33,211
689,13524Date_06_08_2019.jpg,armature,141,355,151,418
553,12681Date_06_08_2019.jpg,armature,170,228,0,180
2067,6495Date_03_08_2019.jpg,wood,172,359,70,222
1423,34144Date_14_08_2019.jpg,armature,0,73,156,376
877,14586Date_06_08_2019.jpg,wood,267,301,218,303
1685,37935Date_16_08_2019.jpg,armature,119,314,128,420
1578,3602Date_03_08_2019.jpg,armature,449,595,5,405
2003,6015Date_03_08_2019.jpg,wood,431,500,164,352
1237,32451Date_13_08_2019.jpg,armature,127,269,278,367
640,13053Date_06_08_2019.jpg,armature,12,448,0,204
2345,8866Date_04_08_2019.jpg,armature,144,403,244,379
1435,34192Date_14_08_2019.jpg,armature,139,388,0,318
926,1514Date_02_08_2019.jpg,armature,131,211,260,405
653,13130Date_06_08_2019.jpg,armature,242,381,178,220
844,14421Date_06_08_2019.jpg,armature,109,174,0,150
151,0632Date_02_08_2019.jpg,armature,140,270,127,165
1743,4017Date_03_08_2019.jpg,armature,1,176,264,372
2020,6099Date_03_08_2019.jpg,wood,94,208,164,322
258,10411Date_05_08_2019.jpg,armature,119,417,138,419
1695,38004Date_16_08_2019.jpg,wood,223,249,114,417
33,0097Date_01_08_2019.jpg,armature,626,703,159,313
1675,37614Date_15_08_2019.jpg,armature,92,382,7,348
936,1576Date_02_08_2019.jpg,armature,306,476,183,239
2508,9818Date_05_08_2019.jpg,armature,116,479,105,356
722,13774Date_06_08_2019.jpg,armature,106,244,79,419
207,10038Date_05_08_2019.jpg,armature,0,642,1,322
155,0664Date_02_08_2019.jpg,wood,107,265,191,419
1868,4860Date_03_08_2019.jpg,armature,367,522,357,418
63,0269Date_01_08_2019.jpg,armature,17,149,0,364
1007,2246Date_02_08_2019.jpg,armature,141,299,103,364
1519,3532Date_03_08_2019.jpg,armature,143,432,195,359
1042,2612Date_02_08_2019.jpg,armature,88,380,159,320
620,12972Date_06_08_2019.jpg,armature,201,418,43,360
2461,9544Date_04_08_2019.jpg,armature,407,499,105,227
287,1071Date_02_08_2019.jpg,armature,54,643,1,147
343,11324Date_05_08_2019.jpg,armature,188,588,252,420
1702,38187Date_16_08_2019.jpg,armature,155,280,2,415
394,1180Date_02_08_2019.jpg,armature,206,648,28,420
1463,34817Date_14_08_2019.jpg,armature,0,406,138,303
1057,2674Date_02_08_2019.jpg,armature,2,189,0,94
883,14614Date_06_08_2019.jpg,armature,6,185,68,191
1096,2842Date_02_08_2019.jpg,armature,122,382,75,273
1380,33714Date_14_08_2019.jpg,armature,111,442,1,163
724,13779Date_06_08_2019.jpg,armature,211,313,0,333
2498,9721Date_05_08_2019.jpg,armature,137,312,1,250
2297,8376Date_04_08_2019.jpg,armature,139,569,1,121
1661,3743Date_03_08_2019.jpg,wood,119,387,1,229
1662,3744Date_03_08_2019.jpg,wood,587,703,3,116
959,1779Date_02_08_2019.jpg,armature,97,343,38,340
124,0507Date_02_08_2019.jpg,wood,169,251,320,419
1511,35241Date_14_08_2019.jpg,armature,393,495,0,163
682,13392Date_06_08_2019.jpg,armature,19,405,265,420
2200,7731Date_04_08_2019.jpg,armature,18,243,1,193
2246,8092Date_04_08_2019.jpg,armature,15,77,38,204
482,12455Date_05_08_2019.jpg,armature,167,642,0,226
1356,33397Date_13_08_2019.jpg,armature,530,702,20,390
2037,6185Date_03_08_2019.jpg,armature,218,307,2,151
230,10149Date_05_08_2019.jpg,armature,203,613,302,370
2344,8856Date_04_08_2019.jpg,armature,163,375,85,375
117,0490Date_02_08_2019.jpg,armature,5,229,1,383
1480,34951Date_14_08_2019.jpg,armature,134,185,123,309
2235,8026Date_04_08_2019.jpg,armature,104,388,133,420
2241,8063Date_04_08_2019.jpg,armature,623,676,223,317
1482,34958Date_14_08_2019.jpg,armature,59,345,56,418
125,0522Date_02_08_2019.jpg,armature,122,656,48,251
471,1234Date_02_08_2019.jpg,armature,139,404,1,87
1898,5088Date_03_08_2019.jpg,armature,0,186,224,263
486,12470Date_05_08_2019.jpg,armature,96,218,28,126
1287,3280Date_02_08_2019.jpg,armature,142,348,103,277
1218,32281Date_13_08_2019.jpg,armature,146,666,20,250
1783,4207Date_03_08_2019.jpg,armature,105,653,95,420
242,10292Date_05_08_2019.jpg,other,423,508,113,289
1346,3332Date_02_08_2019.jpg,armature,66,203,79,152
1893,5046Date_03_08_2019.jpg,armature,135,197,261,421
1883,4962Date_03_08_2019.jpg,armature,208,254,0,91
838,14389Date_06_08_2019.jpg,armature,158,446,127,421
160,0746Date_02_08_2019.jpg,armature,422,702,11,295
2058,6345Date_03_08_2019.jpg,wood,188,264,141,262
254,1040Date_02_08_2019.jpg,armature,414,535,4,194
2535,9936Date_05_08_2019.jpg,armature,337,370,153,276
755,13896Date_06_08_2019.jpg,wood,116,391,265,362
684,13395Date_06_08_2019.jpg,armature,130,324,26,332
273,10450Date_05_08_2019.jpg,armature,3,240,274,348
1648,37152Date_15_08_2019.jpg,wood,2,111,84,180
2469,9591Date_04_08_2019.jpg,armature,75,406,98,341
605,12908Date_06_08_2019.jpg,armature,2,183,64,346
2062,6391Date_03_08_2019.jpg,armature,158,627,36,210
212,10050Date_05_08_2019.jpg,armature,136,508,4,275
1383,3373Date_02_08_2019.jpg,armature,123,278,7,310
170,0821Date_02_08_2019.jpg,wood,196,285,206,370
1217,3220Date_02_08_2019.jpg,armature,180,465,0,257
1347,3332Date_02_08_2019.jpg,armature,129,316,78,159
2131,6975Date_04_08_2019.jpg,armature,98,228,118,337
2205,7744Date_04_08_2019.jpg,armature,1,169,19,363
344,11331Date_05_08_2019.jpg,armature,557,662,25,421
213,10051Date_05_08_2019.jpg,armature,175,565,0,279
1841,4669Date_03_08_2019.jpg,armature,45,280,131,418
1239,32453Date_13_08_2019.jpg,wood,385,452,311,375
104,0428Date_02_08_2019.jpg,armature,8,349,78,251
396,11818Date_05_08_2019.jpg,armature,284,525,0,110
2342,8830Date_04_08_2019.jpg,armature,113,440,34,280
1749,4048Date_03_08_2019.jpg,armature,76,266,13,400
1510,35240Date_14_08_2019.jpg,armature,178,255,0,164
371,11591Date_05_08_2019.jpg,armature,437,545,139,420
1248,32516Date_13_08_2019.jpg,armature,448,704,51,411
1170,31536Date_13_08_2019.jpg,armature,160,481,19,361
336,11303Date_05_08_2019.jpg,armature,242,391,3,290
2231,8010Date_04_08_2019.jpg,armature,193,418,14,419
2446,9461Date_04_08_2019.jpg,armature,262,581,224,381
711,13710Date_06_08_2019.jpg,wood,253,374,357,406
1850,4731Date_03_08_2019.jpg,armature,374,536,74,152
60,0260Date_01_08_2019.jpg,armature,2,296,2,271
505,12502Date_05_08_2019.jpg,armature,91,346,95,407
139,0582Date_02_08_2019.jpg,armature,224,390,286,315
2186,7544Date_04_08_2019.jpg,armature,248,368,2,250
373,1160Date_02_08_2019.jpg,armature,194,315,171,394
2401,9174Date_04_08_2019.jpg,armature,3,255,132,254
991,2045Date_02_08_2019.jpg,wood,101,154,58,362
2397,9160Date_04_08_2019.jpg,armature,114,290,1,253
385,11763Date_05_08_2019.jpg,armature,139,245,38,168
860,14486Date_06_08_2019.jpg,armature,336,499,234,394
856,14465Date_06_08_2019.jpg,armature,76,374,1,243
1736,3988Date_03_08_2019.jpg,armature,490,650,0,249
2013,6068Date_03_08_2019.jpg,armature,164,591,1,303
1545,3560Date_03_08_2019.jpg,armature,103,548,149,257
2504,9761Date_05_08_2019.jpg,armature,117,534,189,398
1058,2675Date_02_08_2019.jpg,armature,167,482,0,125
1179,3160Date_02_08_2019.jpg,armature,103,504,0,213
1824,4502Date_03_08_2019.jpg,wood,108,206,131,378
638,1303Date_02_08_2019.jpg,armature,200,633,190,347
2054,6310Date_03_08_2019.jpg,armature,1,343,126,420
1547,35658Date_15_08_2019.jpg,armature,83,356,0,178
1147,3053Date_02_08_2019.jpg,armature,134,443,133,241
1700,38073Date_16_08_2019.jpg,armature,90,342,94,405
1131,2980Date_02_08_2019.jpg,armature,355,466,2,173
2134,7033Date_04_08_2019.jpg,armature,158,565,6,409
779,14008Date_06_08_2019.jpg,armature,90,492,0,280
1444,3436Date_02_08_2019.jpg,armature,189,325,228,356
1254,32543Date_13_08_2019.jpg,armature,114,488,71,344
999,2176Date_02_08_2019.jpg,armature,167,571,5,257
831,14338Date_06_08_2019.jpg,armature,131,458,115,420
737,13836Date_06_08_2019.jpg,armature,79,553,108,262
166,0779Date_02_08_2019.jpg,wood,284,397,68,114
2211,7786Date_04_08_2019.jpg,other,161,267,64,119
1689,37936Date_16_08_2019.jpg,wood,119,183,74,193
1393,33820Date_14_08_2019.jpg,armature,140,384,142,421
826,14316Date_06_08_2019.jpg,armature,358,524,61,318
731,13828Date_06_08_2019.jpg,wood,123,195,5,315
448,12217Date_05_08_2019.jpg,armature,191,610,178,419
1476,34933Date_14_08_2019.jpg,armature,181,542,291,397
2230,8002Date_04_08_2019.jpg,armature,16,160,188,353
881,14602Date_06_08_2019.jpg,other,63,341,60,420
546,12663Date_06_08_2019.jpg,armature,1,457,7,155
2532,9927Date_05_08_2019.jpg,wood,179,224,274,378
1061,2676Date_02_08_2019.jpg,armature,362,671,65,145
980,1918Date_02_08_2019.jpg,armature,590,702,237,264
1778,4184Date_03_08_2019.jpg,armature,558,702,73,405
2295,8367Date_04_08_2019.jpg,armature,126,352,190,309
1296,3290Date_02_08_2019.jpg,armature,210,553,104,373
634,13036Date_06_08_2019.jpg,armature,110,333,60,351
1876,4931Date_03_08_2019.jpg,armature,4,379,58,420
2196,7666Date_04_08_2019.jpg,other,260,451,46,256
182,0892Date_02_08_2019.jpg,armature,372,471,55,115
3,0019Date_01_08_2019.jpg,armature,19,267,162,237
1594,3626Date_03_08_2019.jpg,armature,310,674,1,418
1748,4047Date_03_08_2019.jpg,armature,40,222,9,395
2493,9678Date_05_08_2019.jpg,armature,247,422,120,222
225,10102Date_05_08_2019.jpg,wood,178,382,138,216
2050,6286Date_03_08_2019.jpg,wood,445,703,128,420
2001,5992Date_03_08_2019.jpg,wood,62,119,109,287
345,11337Date_05_08_2019.jpg,armature,205,336,297,367
2023,6121Date_03_08_2019.jpg,armature,273,496,0,365
8,0021Date_01_08_2019.jpg,armature,576,702,325,395
1574,36012Date_15_08_2019.jpg,armature,152,454,1,363
1855,4738Date_03_08_2019.jpg,armature,90,461,9,269
732,13830Date_06_08_2019.jpg,armature,157,326,268,421
1948,5683Date_03_08_2019.jpg,armature,123,601,0,359
171,0829Date_02_08_2019.jpg,armature,222,584,129,399
1732,3974Date_03_08_2019.jpg,armature,138,463,92,369
433,12080Date_05_08_2019.jpg,armature,212,244,269,421
1120,29711Date_12_08_2019.jpg,armature,92,559,125,373
1159,3120Date_02_08_2019.jpg,armature,0,203,262,420
2398,9163Date_04_08_2019.jpg,armature,231,361,26,318
46,0200Date_01_08_2019.jpg,armature,246,442,125,226
1081,2770Date_02_08_2019.jpg,armature,91,380,4,290
2406,9201Date_04_08_2019.jpg,armature,206,527,41,371
1420,34066Date_14_08_2019.jpg,armature,128,261,138,362
2420,9286Date_04_08_2019.jpg,armature,184,692,150,405
2534,9936Date_05_08_2019.jpg,armature,158,277,1,318
904,14749Date_06_08_2019.jpg,armature,116,402,177,420
96,0390Date_01_08_2019.jpg,armature,122,513,152,419
691,13538Date_06_08_2019.jpg,armature,200,514,1,418
422,12024Date_05_08_2019.jpg,armature,123,315,0,274
1842,4670Date_03_08_2019.jpg,armature,275,573,167,420
2049,6285Date_03_08_2019.jpg,wood,141,521,109,420
1986,5939Date_03_08_2019.jpg,armature,155,263,0,349
2438,9410Date_04_08_2019.jpg,armature,198,501,1,345
2503,9755Date_05_08_2019.jpg,armature,171,315,92,241
301,10880Date_05_08_2019.jpg,armature,202,294,209,390
1897,5075Date_03_08_2019.jpg,armature,114,267,121,274
2293,8355Date_04_08_2019.jpg,armature,88,234,67,355
1466,3485Date_02_08_2019.jpg,armature,531,703,1,313
1132,2985Date_02_08_2019.jpg,armature,122,360,143,399
967,1886Date_02_08_2019.jpg,armature,0,186,217,420
1757,4093Date_03_08_2019.jpg,armature,314,621,1,207
2453,9494Date_04_08_2019.jpg,armature,211,495,66,140
2394,9155Date_04_08_2019.jpg,armature,483,678,1,108
49,0218Date_01_08_2019.jpg,armature,504,703,46,418
1490,35041Date_14_08_2019.jpg,armature,101,336,0,277
335,11303Date_05_08_2019.jpg,armature,188,353,108,323
1323,33138Date_13_08_2019.jpg,armature,334,681,3,373
1320,33127Date_13_08_2019.jpg,armature,146,701,1,352
47,0201Date_01_08_2019.jpg,armature,479,631,61,218
135,0575Date_02_08_2019.jpg,armature,95,500,2,255
401,1186Date_02_08_2019.jpg,armature,442,510,124,313
434,12086Date_05_08_2019.jpg,armature,207,532,32,262
1478,34948Date_14_08_2019.jpg,armature,3,226,11,419
2097,6714Date_03_08_2019.jpg,wood,465,693,82,407
2079,6597Date_03_08_2019.jpg,armature,183,404,92,382
1701,38093Date_16_08_2019.jpg,armature,165,518,135,418
1027,2526Date_02_08_2019.jpg,armature,365,529,0,293
1807,4366Date_03_08_2019.jpg,armature,279,560,71,366
2290,8295Date_04_08_2019.jpg,armature,525,704,257,328
1728,3918Date_03_08_2019.jpg,armature,114,395,120,373
1741,4014Date_03_08_2019.jpg,armature,1,42,152,387
1036,2571Date_02_08_2019.jpg,armature,463,622,252,282
1297,32946Date_13_08_2019.jpg,armature,251,640,27,417
2313,8490Date_04_08_2019.jpg,armature,392,568,282,302
766,13961Date_06_08_2019.jpg,armature,79,410,135,293
2207,7760Date_04_08_2019.jpg,armature,198,437,119,419
195,0979Date_02_08_2019.jpg,armature,175,304,9,300
308,10962Date_05_08_2019.jpg,wood,143,267,227,384
743,1384Date_02_08_2019.jpg,armature,9,336,78,411
612,12930Date_06_08_2019.jpg,other,255,414,181,417
121,0500Date_02_08_2019.jpg,armature,225,584,9,109
1055,2671Date_02_08_2019.jpg,armature,129,703,122,420
2426,9376Date_04_08_2019.jpg,armature,119,302,1,333
2221,7895Date_04_08_2019.jpg,other,36,202,8,207
1372,33593Date_14_08_2019.jpg,armature,116,703,67,419
2061,6382Date_03_08_2019.jpg,wood,128,237,109,400
1402,3385Date_02_08_2019.jpg,other,486,555,214,391
311,10981Date_05_08_2019.jpg,armature,108,206,167,346
2448,9464Date_04_08_2019.jpg,armature,164,580,185,421
1455,34442Date_14_08_2019.jpg,armature,192,216,324,419
359,11448Date_05_08_2019.jpg,armature,1,294,199,420
859,14481Date_06_08_2019.jpg,armature,144,456,1,271
564,12720Date_06_08_2019.jpg,armature,88,498,3,344
1434,34188Date_14_08_2019.jpg,armature,298,535,61,393
591,1285Date_02_08_2019.jpg,armature,113,328,61,343
2371,9080Date_04_08_2019.jpg,armature,281,618,85,421
150,0632Date_02_08_2019.jpg,armature,249,370,319,418
2122,6934Date_04_08_2019.jpg,armature,220,443,305,421
2423,9328Date_04_08_2019.jpg,wood,171,253,218,421
1971,5887Date_03_08_2019.jpg,armature,97,247,285,334
1307,33050Date_13_08_2019.jpg,armature,202,418,0,229
1627,36810Date_15_08_2019.jpg,armature,289,577,118,416
1745,4034Date_03_08_2019.jpg,wood,131,366,73,334
2403,9174Date_04_08_2019.jpg,armature,166,318,161,420
1507,35221Date_14_08_2019.jpg,armature,58,352,11,406
1738,4001Date_03_08_2019.jpg,wood,482,600,226,270
132,0552Date_02_08_2019.jpg,wood,241,308,13,215
1327,33170Date_13_08_2019.jpg,armature,151,338,68,372
1150,3090Date_02_08_2019.jpg,armature,182,350,50,389
2111,6804Date_04_08_2019.jpg,armature,163,461,249,420
412,11933Date_05_08_2019.jpg,armature,108,249,188,332
377,1171Date_02_08_2019.jpg,armature,181,466,253,419
418,12004Date_05_08_2019.jpg,armature,99,262,267,324
1617,36646Date_15_08_2019.jpg,armature,242,611,157,420
1721,3883Date_03_08_2019.jpg,armature,99,226,205,330
1110,2942Date_02_08_2019.jpg,armature,182,570,5,402
1693,37952Date_16_08_2019.jpg,armature,181,559,93,338
2101,6738Date_03_08_2019.jpg,armature,576,703,219,419
1722,3884Date_03_08_2019.jpg,armature,481,639,68,370
1861,4782Date_03_08_2019.jpg,armature,450,592,52,239
245,10364Date_05_08_2019.jpg,armature,399,596,10,379
2337,8798Date_04_08_2019.jpg,armature,114,472,1,356
1037,2581Date_02_08_2019.jpg,armature,310,509,81,336
1927,5459Date_03_08_2019.jpg,armature,6,97,70,114
1622,3667Date_03_08_2019.jpg,wood,0,95,358,418
1544,35586Date_15_08_2019.jpg,armature,193,411,1,268
1441,34258Date_14_08_2019.jpg,armature,0,240,26,399
1245,32460Date_13_08_2019.jpg,wood,285,445,222,361
848,14436Date_06_08_2019.jpg,wood,408,525,248,415
1134,2995Date_02_08_2019.jpg,armature,103,408,58,250
636,13036Date_06_08_2019.jpg,wood,629,703,83,154
432,1207Date_02_08_2019.jpg,armature,98,145,0,224
1388,33762Date_14_08_2019.jpg,armature,220,427,119,223
808,14130Date_06_08_2019.jpg,armature,1,89,9,382
1068,2722Date_02_08_2019.jpg,armature,112,583,62,276
1885,5002Date_03_08_2019.jpg,armature,172,310,104,231
1770,4142Date_03_08_2019.jpg,armature,317,477,0,219
2031,6159Date_03_08_2019.jpg,wood,90,217,109,260
1376,33675Date_14_08_2019.jpg,other,0,349,128,249
1233,32430Date_13_08_2019.jpg,armature,131,391,22,221
1890,5037Date_03_08_2019.jpg,armature,35,345,0,280
1709,38270Date_16_08_2019.jpg,armature,150,539,117,328
363,11498Date_05_08_2019.jpg,wood,419,593,278,418
1677,3770Date_03_08_2019.jpg,wood,109,268,244,402
1629,36840Date_15_08_2019.jpg,armature,180,539,4,204
2388,9133Date_04_08_2019.jpg,armature,2,397,1,183
1959,5763Date_03_08_2019.jpg,wood,283,508,204,260
80,0344Date_01_08_2019.jpg,armature,88,351,5,367
1199,31893Date_13_08_2019.jpg,armature,144,425,5,328
1303,33024Date_13_08_2019.jpg,armature,119,530,119,377
152,0634Date_02_08_2019.jpg,armature,189,628,97,407
886,1462Date_02_08_2019.jpg,wood,142,229,2,274
1117,2969Date_02_08_2019.jpg,armature,123,370,98,299
688,13515Date_06_08_2019.jpg,armature,209,292,0,145
1119,29710Date_12_08_2019.jpg,armature,125,461,1,334
1077,2748Date_02_08_2019.jpg,armature,2,130,7,300
2163,7329Date_04_08_2019.jpg,armature,349,643,179,416
1961,5769Date_03_08_2019.jpg,armature,121,525,13,347
1461,34700Date_14_08_2019.jpg,armature,140,488,117,356
1835,4634Date_03_08_2019.jpg,armature,187,480,279,312
285,10681Date_05_08_2019.jpg,armature,70,452,136,228
1076,2744Date_02_08_2019.jpg,armature,112,287,0,392
1870,4866Date_03_08_2019.jpg,armature,149,355,57,420
1122,2972Date_02_08_2019.jpg,armature,594,700,147,406
1112,2950Date_02_08_2019.jpg,armature,47,457,65,333
2002,6009Date_03_08_2019.jpg,wood,142,268,257,376
2187,7544Date_04_08_2019.jpg,armature,617,673,12,420
1390,33784Date_14_08_2019.jpg,armature,130,463,166,296
236,10197Date_05_08_2019.jpg,wood,378,422,2,286
797,14091Date_06_08_2019.jpg,armature,263,387,1,421
1450,34415Date_14_08_2019.jpg,armature,89,475,121,382
1935,5559Date_03_08_2019.jpg,armature,295,657,43,420
911,14819Date_06_08_2019.jpg,armature,4,389,25,115
771,13994Date_06_08_2019.jpg,armature,207,597,206,418
2321,8590Date_04_08_2019.jpg,armature,450,700,281,421
1326,33166Date_13_08_2019.jpg,armature,100,252,66,342
2084,6620Date_03_08_2019.jpg,armature,9,356,104,343
2350,8905Date_04_08_2019.jpg,armature,156,416,158,421
1079,2760Date_02_08_2019.jpg,armature,296,632,181,420
1526,3535Date_03_08_2019.jpg,armature,101,469,2,336
205,10023Date_05_08_2019.jpg,armature,131,458,10,137
2030,6159Date_03_08_2019.jpg,wood,168,204,260,421
1317,33114Date_13_08_2019.jpg,armature,485,603,7,187
580,12812Date_06_08_2019.jpg,other,401,605,1,247
952,1738Date_02_08_2019.jpg,armature,141,270,55,94
2312,8488Date_04_08_2019.jpg,armature,110,197,270,396
857,14466Date_06_08_2019.jpg,armature,358,702,0,295
1437,34209Date_14_08_2019.jpg,wood,397,502,278,420
2182,7506Date_04_08_2019.jpg,armature,225,367,1,321
934,1549Date_02_08_2019.jpg,armature,182,263,29,272
223,10082Date_05_08_2019.jpg,other,119,193,0,148
1717,38347Date_16_08_2019.jpg,armature,42,357,8,344
971,1892Date_02_08_2019.jpg,other,192,283,215,361
1573,36009Date_15_08_2019.jpg,armature,158,524,160,418
2332,8745Date_04_08_2019.jpg,armature,95,430,1,340
2077,6575Date_03_08_2019.jpg,armature,346,628,12,66
145,0621Date_02_08_2019.jpg,armature,77,352,97,361
1924,5418Date_03_08_2019.jpg,armature,108,600,292,421
1993,5989Date_03_08_2019.jpg,wood,411,493,214,421
1711,38272Date_16_08_2019.jpg,armature,635,703,138,308
1520,35332Date_14_08_2019.jpg,armature,21,458,238,419
744,13852Date_06_08_2019.jpg,wood,230,369,93,254
2526,9902Date_05_08_2019.jpg,armature,234,407,303,399
1389,3376Date_02_08_2019.jpg,armature,163,638,295,421
2488,9631Date_05_08_2019.jpg,other,42,674,33,402
899,14731Date_06_08_2019.jpg,armature,47,238,0,245
1727,3904Date_03_08_2019.jpg,armature,148,578,298,419
1411,33928Date_14_08_2019.jpg,armature,126,358,74,343
329,11287Date_05_08_2019.jpg,armature,269,349,154,281
1492,3505Date_02_08_2019.jpg,armature,74,355,20,196
700,13603Date_06_08_2019.jpg,armature,270,320,126,278
1275,32754Date_13_08_2019.jpg,armature,102,428,211,355
1243,32459Date_13_08_2019.jpg,wood,52,235,197,358
1561,3576Date_03_08_2019.jpg,armature,437,612,156,405
1238,32451Date_13_08_2019.jpg,wood,111,221,0,226
1124,2973Date_02_08_2019.jpg,armature,144,478,0,322
1164,31371Date_13_08_2019.jpg,armature,288,509,87,355
355,1140Date_02_08_2019.jpg,armature,67,358,44,291
2447,9463Date_04_08_2019.jpg,armature,2,340,163,421
262,10431Date_05_08_2019.jpg,armature,164,599,96,357
1387,33761Date_14_08_2019.jpg,armature,300,426,2,342
2215,7797Date_04_08_2019.jpg,armature,156,428,139,313
1803,4253Date_03_08_2019.jpg,armature,166,347,1,137
142,0611Date_02_08_2019.jpg,armature,92,281,67,318
2421,9302Date_04_08_2019.jpg,armature,4,321,0,181
504,12499Date_05_08_2019.jpg,armature,120,222,35,156
1613,36628Date_15_08_2019.jpg,armature,158,485,39,415
1830,4603Date_03_08_2019.jpg,armature,1,298,160,313
1723,3889Date_03_08_2019.jpg,other,622,703,125,224
282,1057Date_02_08_2019.jpg,wood,119,178,217,409
430,12066Date_05_08_2019.jpg,armature,200,410,214,391
2271,8206Date_04_08_2019.jpg,armature,1,99,1,125
1298,32947Date_13_08_2019.jpg,armature,345,700,39,419
657,1314Date_02_08_2019.jpg,armature,0,191,362,420
1452,3442Date_02_08_2019.jpg,armature,82,267,26,420
1987,5940Date_03_08_2019.jpg,armature,124,290,112,234
1763,4129Date_03_08_2019.jpg,armature,13,338,1,342
1900,5123Date_03_08_2019.jpg,armature,48,308,6,420
650,13128Date_06_08_2019.jpg,armature,219,624,59,306
1292,32861Date_13_08_2019.jpg,armature,45,321,1,386
1430,34154Date_14_08_2019.jpg,armature,88,401,83,419
1947,5682Date_03_08_2019.jpg,armature,82,263,0,152
2016,6087Date_03_08_2019.jpg,armature,94,249,141,247
1143,3022Date_02_08_2019.jpg,armature,415,526,0,420
34,0097Date_01_08_2019.jpg,armature,165,572,196,385
836,14380Date_06_08_2019.jpg,wood,266,442,220,332
1335,33214Date_13_08_2019.jpg,wood,131,256,33,185
1401,3385Date_02_08_2019.jpg,armature,244,371,78,309
572,12772Date_06_08_2019.jpg,armature,109,196,89,265
625,12996Date_06_08_2019.jpg,armature,107,617,69,358
4,0019Date_01_08_2019.jpg,armature,309,548,300,376
828,1431Date_02_08_2019.jpg,armature,10,76,88,312
1462,34792Date_14_08_2019.jpg,armature,146,602,0,420
115,0480Date_02_08_2019.jpg,wood,307,451,35,271
2454,9495Date_04_08_2019.jpg,armature,2,428,241,329
1374,33612Date_14_08_2019.jpg,armature,432,699,321,419
391,11801Date_05_08_2019.jpg,armature,224,494,260,420
1034,2568Date_02_08_2019.jpg,armature,196,603,200,386
295,10779Date_05_08_2019.jpg,armature,114,265,13,364
819,14265Date_06_08_2019.jpg,armature,191,644,29,412
1531,3539Date_03_08_2019.jpg,armature,86,196,0,80
2093,6693Date_03_08_2019.jpg,armature,287,604,0,359
93,0386Date_01_08_2019.jpg,armature,1,262,86,260
850,1443Date_02_08_2019.jpg,armature,270,410,60,286
1704,38238Date_16_08_2019.jpg,armature,138,401,72,420
1655,37357Date_15_08_2019.jpg,armature,481,669,2,420
1856,4743Date_03_08_2019.jpg,armature,110,473,60,196
1811,4389Date_03_08_2019.jpg,armature,189,556,120,383
846,14424Date_06_08_2019.jpg,armature,129,267,174,367
1180,31630Date_13_08_2019.jpg,armature,397,666,5,344
1373,3360Date_02_08_2019.jpg,wood,118,326,328,417
2359,8996Date_04_08_2019.jpg,wood,114,239,295,350
717,13755Date_06_08_2019.jpg,armature,0,259,136,304
2422,9327Date_04_08_2019.jpg,armature,127,360,95,339
1917,5354Date_03_08_2019.jpg,other,433,597,104,196
1066,2698Date_02_08_2019.jpg,armature,186,436,86,398
1922,5412Date_03_08_2019.jpg,armature,110,207,0,82
1888,5034Date_03_08_2019.jpg,armature,233,469,102,378
2539,9991Date_05_08_2019.jpg,armature,193,358,3,421
89,0369Date_01_08_2019.jpg,armature,85,535,75,284
1404,33917Date_14_08_2019.jpg,armature,125,476,24,364
332,11289Date_05_08_2019.jpg,armature,73,168,179,306
1204,3196Date_02_08_2019.jpg,armature,153,475,227,276
1591,36243Date_15_08_2019.jpg,armature,460,591,301,417
1809,4376Date_03_08_2019.jpg,armature,391,605,13,92
2516,9857Date_05_08_2019.jpg,wood,150,292,90,271
1786,4212Date_03_08_2019.jpg,armature,4,325,113,419
2024,6131Date_03_08_2019.jpg,armature,142,313,22,311
2127,6948Date_04_08_2019.jpg,armature,115,446,1,335
246,10368Date_05_08_2019.jpg,armature,310,417,121,157
2366,9037Date_04_08_2019.jpg,armature,181,587,1,323
635,13036Date_06_08_2019.jpg,wood,147,315,0,164
1368,33587Date_14_08_2019.jpg,wood,486,582,175,420
2254,8137Date_04_08_2019.jpg,armature,214,401,205,421
2306,8466Date_04_08_2019.jpg,other,267,576,2,319
14,0055Date_01_08_2019.jpg,armature,258,360,1,121
659,13164Date_06_08_2019.jpg,armature,188,302,3,395
2416,9257Date_04_08_2019.jpg,armature,351,704,79,358
632,1302Date_02_08_2019.jpg,armature,129,653,42,297
1894,5050Date_03_08_2019.jpg,armature,123,404,139,359
1255,32552Date_13_08_2019.jpg,wood,163,232,136,312
1268,32644Date_13_08_2019.jpg,wood,390,559,70,331
706,13676Date_06_08_2019.jpg,armature,41,340,67,365
1409,33926Date_14_08_2019.jpg,armature,204,542,2,420
643,1306Date_02_08_2019.jpg,armature,307,360,126,241
733,13831Date_06_08_2019.jpg,armature,196,379,64,123
113,0469Date_02_08_2019.jpg,armature,121,351,152,219
685,13396Date_06_08_2019.jpg,armature,177,369,33,332
935,1561Date_02_08_2019.jpg,armature,105,218,14,375
1795,4229Date_03_08_2019.jpg,armature,138,297,1,374
1969,5851Date_03_08_2019.jpg,wood,323,399,40,342
238,10269Date_05_08_2019.jpg,armature,139,263,37,355
1584,36241Date_15_08_2019.jpg,armature,126,401,85,275
870,14560Date_06_08_2019.jpg,armature,324,449,138,368
661,13174Date_06_08_2019.jpg,other,508,610,291,338
2172,7405Date_04_08_2019.jpg,wood,124,174,188,268
1654,3733Date_03_08_2019.jpg,armature,100,369,1,232
1645,3710Date_03_08_2019.jpg,armature,29,357,0,383
2064,6432Date_03_08_2019.jpg,armature,36,283,0,273
2135,7046Date_04_08_2019.jpg,armature,132,403,2,324
1657,37363Date_15_08_2019.jpg,armature,219,629,26,420
616,12951Date_06_08_2019.jpg,wood,101,131,132,230
1860,4782Date_03_08_2019.jpg,armature,137,311,3,261
2439,9431Date_04_08_2019.jpg,armature,38,431,1,164
957,1762Date_02_08_2019.jpg,armature,200,376,41,212
592,12864Date_06_08_2019.jpg,armature,152,414,0,418
1,0013Date_01_08_2019.jpg,armature,187,550,101,253
2199,7720Date_04_08_2019.jpg,armature,304,489,37,419
235,10183Date_05_08_2019.jpg,armature,4,292,142,344
663,13220Date_06_08_2019.jpg,armature,85,120,234,341
1049,2632Date_02_08_2019.jpg,armature,324,703,132,249
801,1410Date_02_08_2019.jpg,armature,162,392,24,139
300,10866Date_05_08_2019.jpg,armature,489,640,186,206
449,12230Date_05_08_2019.jpg,armature,146,241,47,225
1576,3601Date_03_08_2019.jpg,armature,207,343,0,382
1322,33137Date_13_08_2019.jpg,armature,148,495,0,354
360,11450Date_05_08_2019.jpg,armature,179,525,191,419
103,0421Date_02_08_2019.jpg,armature,234,438,82,191
1819,4460Date_03_08_2019.jpg,armature,210,397,99,380
1318,33125Date_13_08_2019.jpg,armature,167,321,0,336
1366,33547Date_14_08_2019.jpg,armature,123,390,236,419
1821,4492Date_03_08_2019.jpg,armature,116,341,221,389
2083,6616Date_03_08_2019.jpg,wood,206,237,97,243
2456,9506Date_04_08_2019.jpg,armature,205,298,60,208
972,1893Date_02_08_2019.jpg,wood,99,195,0,61
1235,32431Date_13_08_2019.jpg,wood,358,448,132,364
269,10446Date_05_08_2019.jpg,armature,92,179,251,420
1375,3362Date_02_08_2019.jpg,armature,150,601,16,351
2262,8182Date_04_08_2019.jpg,armature,114,369,86,399
414,11954Date_05_08_2019.jpg,armature,424,536,10,281
1686,37935Date_16_08_2019.jpg,wood,77,145,69,190
2126,6948Date_04_08_2019.jpg,armature,41,597,0,345
1031,2539Date_02_08_2019.jpg,armature,196,483,145,273
1257,32562Date_13_08_2019.jpg,armature,83,178,0,152
1299,3297Date_02_08_2019.jpg,armature,261,565,202,409
349,11368Date_05_08_2019.jpg,armature,115,414,159,418
1873,4916Date_03_08_2019.jpg,armature,157,376,272,335
10,0032Date_01_08_2019.jpg,armature,107,226,97,245
2339,8811Date_04_08_2019.jpg,armature,175,515,83,391
806,14128Date_06_08_2019.jpg,armature,359,462,134,367
27,0093Date_01_08_2019.jpg,armature,25,225,10,301
272,1044Date_02_08_2019.jpg,armature,208,548,0,420
1740,4014Date_03_08_2019.jpg,armature,281,420,103,372
1085,2784Date_02_08_2019.jpg,armature,211,416,63,420
1884,4966Date_03_08_2019.jpg,armature,172,218,257,420
679,13384Date_06_08_2019.jpg,armature,155,411,112,357
1978,5910Date_03_08_2019.jpg,wood,107,258,112,284
842,14401Date_06_08_2019.jpg,wood,153,236,46,144
2171,7405Date_04_08_2019.jpg,wood,190,231,195,304
978,1911Date_02_08_2019.jpg,armature,75,379,38,302
1234,32430Date_13_08_2019.jpg,wood,156,349,156,250
2289,8294Date_04_08_2019.jpg,armature,438,702,242,333
143,0612Date_02_08_2019.jpg,armature,558,691,220,297
1707,3824Date_03_08_2019.jpg,armature,233,343,150,223
825,14310Date_06_08_2019.jpg,armature,378,507,219,403
556,12690Date_06_08_2019.jpg,armature,117,615,30,419
1535,35438Date_14_08_2019.jpg,armature,225,468,80,420
1684,3782Date_03_08_2019.jpg,armature,128,292,307,383
742,13849Date_06_08_2019.jpg,armature,478,697,91,238
2141,7065Date_04_08_2019.jpg,armature,294,674,1,172
2009,6048Date_03_08_2019.jpg,armature,164,197,255,418
402,11884Date_05_08_2019.jpg,armature,220,504,266,399
1928,5459Date_03_08_2019.jpg,armature,121,200,255,366
727,13803Date_06_08_2019.jpg,armature,138,467,199,336
532,12610Date_05_08_2019.jpg,armature,52,259,55,172
1837,4645Date_03_08_2019.jpg,armature,95,251,131,345
1153,3101Date_02_08_2019.jpg,armature,125,247,289,417
988,2021Date_02_08_2019.jpg,armature,165,457,226,418
1820,4461Date_03_08_2019.jpg,armature,179,279,189,360
569,12759Date_06_08_2019.jpg,armature,213,258,280,400
906,14775Date_06_08_2019.jpg,wood,166,211,221,337
1359,33472Date_14_08_2019.jpg,armature,123,444,172,388
604,12903Date_06_08_2019.jpg,armature,382,629,82,382
1062,2679Date_02_08_2019.jpg,armature,1,626,28,197
2363,9021Date_04_08_2019.jpg,armature,240,628,11,400
1262,32582Date_13_08_2019.jpg,wood,92,225,8,229
1075,2741Date_02_08_2019.jpg,armature,104,358,61,173
2115,6892Date_04_08_2019.jpg,wood,254,284,236,385
530,12588Date_05_08_2019.jpg,armature,214,422,1,342
1734,3978Date_03_08_2019.jpg,armature,425,659,89,365
1016,2332Date_02_08_2019.jpg,armature,334,543,206,381
1283,32791Date_13_08_2019.jpg,armature,115,512,191,417
2441,9435Date_04_08_2019.jpg,armature,201,460,1,347
457,12269Date_05_08_2019.jpg,armature,127,601,219,419
1485,35004Date_14_08_2019.jpg,armature,113,336,0,90
1063,2683Date_02_08_2019.jpg,armature,122,355,4,421
190,0959Date_02_08_2019.jpg,armature,340,628,1,357
1351,33365Date_13_08_2019.jpg,armature,88,384,24,416
2170,7389Date_04_08_2019.jpg,armature,238,343,0,176
294,1076Date_02_08_2019.jpg,wood,526,574,1,124
490,12475Date_05_08_2019.jpg,armature,233,428,0,321
411,11930Date_05_08_2019.jpg,wood,154,336,120,207
2210,7786Date_04_08_2019.jpg,armature,301,358,41,165
2395,9156Date_04_08_2019.jpg,armature,642,672,2,92
2066,6493Date_03_08_2019.jpg,armature,232,392,228,377
462,12291Date_05_08_2019.jpg,armature,114,447,16,353
1228,3235Date_02_08_2019.jpg,armature,130,347,232,321
1449,34408Date_14_08_2019.jpg,armature,145,582,64,337
2279,8253Date_04_08_2019.jpg,armature,20,423,98,390
1601,36431Date_15_08_2019.jpg,armature,96,309,2,249
2481,9613Date_04_08_2019.jpg,other,250,399,263,420
2145,7120Date_04_08_2019.jpg,armature,140,502,85,378
1030,2538Date_02_08_2019.jpg,armature,19,301,125,266
521,12560Date_05_08_2019.jpg,armature,97,272,18,348
421,12017Date_05_08_2019.jpg,wood,178,331,16,146
2533,9933Date_05_08_2019.jpg,armature,90,260,86,380
2429,9388Date_04_08_2019.jpg,armature,9,252,63,384
1862,4792Date_03_08_2019.jpg,armature,219,334,175,345
708,13687Date_06_08_2019.jpg,armature,158,282,278,339
1735,3987Date_03_08_2019.jpg,armature,339,477,3,328
435,12109Date_05_08_2019.jpg,armature,147,367,190,277
2513,9843Date_05_08_2019.jpg,armature,126,462,76,421
1138,3007Date_02_08_2019.jpg,armature,27,204,29,411
937,1576Date_02_08_2019.jpg,other,341,544,204,372
671,13284Date_06_08_2019.jpg,armature,179,496,135,321
1581,3623Date_03_08_2019.jpg,armature,372,514,198,338
852,1444Date_02_08_2019.jpg,armature,34,357,53,358
2485,9627Date_04_08_2019.jpg,armature,234,481,60,114
2333,8757Date_04_08_2019.jpg,armature,200,281,149,420
1195,31839Date_13_08_2019.jpg,armature,3,356,49,341
976,1904Date_02_08_2019.jpg,armature,555,679,85,418
276,10509Date_05_08_2019.jpg,armature,316,615,1,296
807,14130Date_06_08_2019.jpg,armature,74,529,133,275
658,13151Date_06_08_2019.jpg,wood,125,171,42,286
72,0302Date_01_08_2019.jpg,armature,369,496,291,327
675,13365Date_06_08_2019.jpg,armature,237,438,1,419
393,11807Date_05_08_2019.jpg,armature,138,577,155,324
998,2174Date_02_08_2019.jpg,armature,323,600,74,344
979,1917Date_02_08_2019.jpg,armature,127,464,161,229
32,0096Date_01_08_2019.jpg,armature,579,703,100,300
1032,2565Date_02_08_2019.jpg,armature,137,419,6,168
1572,36007Date_15_08_2019.jpg,other,50,185,120,302
794,14088Date_06_08_2019.jpg,armature,102,195,52,230
1133,2987Date_02_08_2019.jpg,armature,18,374,132,344
1805,4310Date_03_08_2019.jpg,armature,257,576,0,341
568,12741Date_06_08_2019.jpg,other,170,419,118,413
366,11520Date_05_08_2019.jpg,armature,412,641,326,404
1321,33133Date_13_08_2019.jpg,armature,436,662,1,150
1403,33909Date_14_08_2019.jpg,other,338,391,116,420
341,11314Date_05_08_2019.jpg,armature,133,572,1,241
1251,3252Date_02_08_2019.jpg,armature,54,452,0,293
721,13773Date_06_08_2019.jpg,armature,144,496,5,287
1812,4422Date_03_08_2019.jpg,armature,165,417,139,251
111,0453Date_02_08_2019.jpg,armature,144,196,243,389
86,0355Date_01_08_2019.jpg,armature,125,237,3,237
1219,3229Date_02_08_2019.jpg,armature,183,628,106,414
1474,34922Date_14_08_2019.jpg,armature,299,377,83,147
1769,4142Date_03_08_2019.jpg,armature,267,703,193,370
79,0343Date_01_08_2019.jpg,armature,96,233,45,177
981,1918Date_02_08_2019.jpg,other,466,544,3,94
202,10010Date_05_08_2019.jpg,armature,295,502,266,419
702,13616Date_06_08_2019.jpg,wood,95,223,21,154
765,13957Date_06_08_2019.jpg,armature,266,527,2,397
1869,4861Date_03_08_2019.jpg,armature,49,431,36,273
2352,8921Date_04_08_2019.jpg,armature,39,219,41,373
2201,7732Date_04_08_2019.jpg,armature,109,342,1,198
1369,33589Date_14_08_2019.jpg,other,206,518,0,400
1942,5635Date_03_08_2019.jpg,armature,268,366,66,362
1678,37733Date_15_08_2019.jpg,armature,2,272,71,415
923,1505Date_02_08_2019.jpg,armature,116,266,0,245
247,10369Date_05_08_2019.jpg,armature,141,496,165,420
705,13662Date_06_08_2019.jpg,armature,148,371,40,166
1831,4613Date_03_08_2019.jpg,armature,12,194,2,316
1747,4042Date_03_08_2019.jpg,armature,294,426,0,154
1895,5053Date_03_08_2019.jpg,armature,626,704,213,401
2118,6902Date_04_08_2019.jpg,wood,126,229,184,335
922,1502Date_02_08_2019.jpg,armature,66,331,1,407
194,0976Date_02_08_2019.jpg,armature,12,290,21,200
1597,3632Date_03_08_2019.jpg,armature,132,287,8,418
1976,5906Date_03_08_2019.jpg,wood,166,212,53,191
1653,37339Date_15_08_2019.jpg,wood,503,566,46,78
644,13098Date_06_08_2019.jpg,armature,382,462,49,125
209,10046Date_05_08_2019.jpg,armature,203,592,278,418
1816,4447Date_03_08_2019.jpg,armature,119,189,115,257
696,13557Date_06_08_2019.jpg,armature,522,657,12,62
2414,9243Date_04_08_2019.jpg,armature,89,430,5,393
1497,35083Date_14_08_2019.jpg,armature,162,414,117,408
356,11413Date_05_08_2019.jpg,armature,414,666,328,405
1797,4230Date_03_08_2019.jpg,armature,446,630,0,399
2462,9545Date_04_08_2019.jpg,wood,102,188,142,400
1832,4619Date_03_08_2019.jpg,armature,35,176,10,269
192,0974Date_02_08_2019.jpg,wood,482,645,245,379
496,12488Date_05_08_2019.jpg,armature,230,314,118,257
2091,6687Date_03_08_2019.jpg,armature,87,446,53,351
1554,35696Date_15_08_2019.jpg,wood,163,348,321,420
1149,3080Date_02_08_2019.jpg,wood,256,419,179,261
1330,33185Date_13_08_2019.jpg,other,166,418,4,247
1567,3597Date_03_08_2019.jpg,armature,124,263,41,264
2136,7052Date_04_08_2019.jpg,armature,216,375,102,377
1258,32563Date_13_08_2019.jpg,armature,362,509,0,167
1720,3842Date_03_08_2019.jpg,armature,1,343,1,97
386,11764Date_05_08_2019.jpg,armature,209,365,1,113
65,0285Date_01_08_2019.jpg,armature,49,375,80,230
1878,4934Date_03_08_2019.jpg,armature,2,244,0,361
1293,32876Date_13_08_2019.jpg,armature,334,584,119,420
51,0229Date_01_08_2019.jpg,armature,126,418,36,397
2179,7484Date_04_08_2019.jpg,armature,106,587,86,308
2060,6377Date_03_08_2019.jpg,wood,126,281,0,274
1560,35768Date_15_08_2019.jpg,armature,121,365,55,212
2278,8248Date_04_08_2019.jpg,armature,461,702,1,408
1500,3509Date_02_08_2019.jpg,armature,139,600,145,419
1469,34866Date_14_08_2019.jpg,armature,284,545,247,388
1550,3567Date_03_08_2019.jpg,armature,185,372,116,294
2005,6029Date_03_08_2019.jpg,other,270,419,184,395
2105,6761Date_04_08_2019.jpg,armature,555,703,93,420
2330,8711Date_04_08_2019.jpg,wood,439,594,9,139
214,10051Date_05_08_2019.jpg,armature,405,544,67,396
2412,9239Date_04_08_2019.jpg,armature,126,299,188,358
738,13840Date_06_08_2019.jpg,armature,119,585,0,197
1829,4587Date_03_08_2019.jpg,armature,96,491,45,222
2216,7797Date_04_08_2019.jpg,other,312,402,101,261
2251,8118Date_04_08_2019.jpg,armature,104,243,1,270
1073,2738Date_02_08_2019.jpg,armature,320,571,293,420
924,1506Date_02_08_2019.jpg,armature,116,623,0,265
2537,9965Date_05_08_2019.jpg,armature,152,287,0,403
1730,3931Date_03_08_2019.jpg,armature,37,328,132,418
1877,4932Date_03_08_2019.jpg,armature,405,702,68,185
1846,4684Date_03_08_2019.jpg,armature,461,589,75,420
649,13125Date_06_08_2019.jpg,armature,104,394,338,394
334,1129Date_02_08_2019.jpg,wood,228,407,214,297
2112,6843Date_04_08_2019.jpg,armature,288,411,322,356
1599,36333Date_15_08_2019.jpg,armature,468,561,1,399
1990,5984Date_03_08_2019.jpg,wood,128,199,39,183
95,0389Date_01_08_2019.jpg,armature,183,539,60,335
1542,3551Date_03_08_2019.jpg,armature,90,581,0,171
1716,38347Date_16_08_2019.jpg,armature,368,609,43,415
2529,9920Date_05_08_2019.jpg,armature,146,303,210,357
1212,32140Date_13_08_2019.jpg,armature,153,323,1,384
1543,35538Date_15_08_2019.jpg,armature,173,502,61,399
487,12472Date_05_08_2019.jpg,armature,389,499,46,149
2277,8245Date_04_08_2019.jpg,armature,52,297,1,377
1021,2355Date_02_08_2019.jpg,armature,153,426,110,420
891,14676Date_06_08_2019.jpg,armature,145,394,21,283
964,1819Date_02_08_2019.jpg,armature,259,302,41,254
746,13855Date_06_08_2019.jpg,armature,490,653,66,402
1568,35998Date_15_08_2019.jpg,armature,84,362,14,368
293,1076Date_02_08_2019.jpg,armature,367,621,43,385
1896,5060Date_03_08_2019.jpg,armature,106,257,0,372
1422,34085Date_14_08_2019.jpg,armature,105,450,1,257
975,1903Date_02_08_2019.jpg,armature,422,693,64,419
122,0506Date_02_08_2019.jpg,wood,183,226,51,248
1589,36242Date_15_08_2019.jpg,armature,450,702,115,302
198,0992Date_02_08_2019.jpg,armature,86,327,4,299
582,12820Date_06_08_2019.jpg,armature,137,250,26,325
813,14176Date_06_08_2019.jpg,armature,138,514,72,397
1312,3309Date_02_08_2019.jpg,armature,242,589,357,403
1796,4230Date_03_08_2019.jpg,armature,48,351,40,303
678,13380Date_06_08_2019.jpg,armature,103,270,0,285
1183,31735Date_13_08_2019.jpg,armature,29,465,2,123
1673,3759Date_03_08_2019.jpg,wood,292,415,0,151
197,0988Date_02_08_2019.jpg,armature,49,475,30,385
2355,8985Date_04_08_2019.jpg,armature,150,500,279,420
903,14748Date_06_08_2019.jpg,wood,236,593,349,419
306,10943Date_05_08_2019.jpg,wood,276,384,255,285
1754,4086Date_03_08_2019.jpg,armature,339,565,102,308
133,0559Date_02_08_2019.jpg,armature,145,410,158,216
866,14530Date_06_08_2019.jpg,wood,501,554,233,382
1859,4777Date_03_08_2019.jpg,armature,243,329,9,364
1003,2226Date_02_08_2019.jpg,armature,1,178,3,192
2365,9031Date_04_08_2019.jpg,armature,184,319,173,259
1024,2482Date_02_08_2019.jpg,wood,100,143,106,320
193,0975Date_02_08_2019.jpg,armature,99,302,185,311
1412,3392Date_02_08_2019.jpg,armature,282,542,138,419
1755,4090Date_03_08_2019.jpg,armature,2,290,93,406
326,11268Date_05_08_2019.jpg,wood,367,409,16,243
1771,4143Date_03_08_2019.jpg,armature,318,663,208,376
1934,5558Date_03_08_2019.jpg,armature,111,461,27,420
2368,9075Date_04_08_2019.jpg,armature,90,273,15,127
822,14302Date_06_08_2019.jpg,armature,2,264,133,296
2307,8477Date_04_08_2019.jpg,armature,157,405,25,420
1762,4115Date_03_08_2019.jpg,wood,468,547,277,421
1154,3102Date_02_08_2019.jpg,armature,29,482,34,420
1187,3177Date_02_08_2019.jpg,armature,0,200,52,246
907,14776Date_06_08_2019.jpg,armature,1,246,0,300
2161,7324Date_04_08_2019.jpg,armature,69,278,220,420
1457,34443Date_14_08_2019.jpg,armature,78,288,228,348
1818,4449Date_03_08_2019.jpg,armature,206,550,19,358
631,13022Date_06_08_2019.jpg,armature,402,495,102,274
2174,7406Date_04_08_2019.jpg,wood,375,424,218,322
183,0904Date_02_08_2019.jpg,wood,146,461,309,410
1582,3623Date_03_08_2019.jpg,armature,36,162,360,417
986,1969Date_02_08_2019.jpg,armature,173,633,21,216
57,0244Date_01_08_2019.jpg,armature,571,669,248,296
451,12251Date_05_08_2019.jpg,armature,54,251,1,136
715,13743Date_06_08_2019.jpg,armature,0,214,96,315
887,14653Date_06_08_2019.jpg,other,39,424,161,420
1852,4734Date_03_08_2019.jpg,armature,4,145,122,373
2433,9402Date_04_08_2019.jpg,armature,51,455,1,419
141,05out109.jpg,other,3,459,81,334
880,14595Date_06_08_2019.jpg,armature,196,337,165,322
695,13548Date_06_08_2019.jpg,armature,223,704,41,270
374,11622Date_05_08_2019.jpg,wood,344,395,292,390
639,13052Date_06_08_2019.jpg,armature,11,349,5,198
2530,9927Date_05_08_2019.jpg,armature,1,176,69,421
1603,36479Date_15_08_2019.jpg,armature,7,384,32,356
410,11925Date_05_08_2019.jpg,armature,126,196,0,231
1019,2346Date_02_08_2019.jpg,armature,2,158,59,377
2326,8690Date_04_08_2019.jpg,armature,559,619,1,203
1980,5920Date_03_08_2019.jpg,armature,146,681,245,373
1310,33077Date_13_08_2019.jpg,armature,106,442,1,269
917,1486Date_02_08_2019.jpg,armature,165,545,66,406
1889,5034Date_03_08_2019.jpg,other,48,138,223,389
314,11066Date_05_08_2019.jpg,wood,81,193,298,395
1289,32822Date_13_08_2019.jpg,wood,108,201,10,202
1306,33050Date_13_08_2019.jpg,armature,300,630,2,387
2325,8674Date_04_08_2019.jpg,armature,39,236,215,419
745,13854Date_06_08_2019.jpg,armature,165,327,44,375
668,13271Date_06_08_2019.jpg,armature,4,226,15,343
1443,34369Date_14_08_2019.jpg,armature,118,354,0,306
519,12554Date_05_08_2019.jpg,armature,109,674,169,412
874,14574Date_06_08_2019.jpg,armature,129,234,0,134
271,10449Date_05_08_2019.jpg,armature,161,603,119,339
1300,32993Date_13_08_2019.jpg,armature,167,364,27,328
1967,5837Date_03_08_2019.jpg,armature,412,702,27,353
2045,6271Date_03_08_2019.jpg,wood,173,341,281,385
88,0365Date_01_08_2019.jpg,armature,215,424,232,358
798,14094Date_06_08_2019.jpg,armature,55,292,268,404
1263,32602Date_13_08_2019.jpg,armature,125,273,0,390
167,0801Date_02_08_2019.jpg,armature,143,495,89,351
1222,3232Date_02_08_2019.jpg,armature,3,205,278,419
780,1401Date_02_08_2019.jpg,armature,0,439,105,258
1171,31536Date_13_08_2019.jpg,armature,67,110,1,146
2006,6032Date_03_08_2019.jpg,wood,195,387,1,249
268,10446Date_05_08_2019.jpg,armature,439,703,241,315
2402,9174Date_04_08_2019.jpg,armature,417,496,254,399
2114,6889Date_04_08_2019.jpg,wood,230,314,86,282
2505,9796Date_05_08_2019.jpg,other,335,636,17,413
1266,32642Date_13_08_2019.jpg,armature,77,212,44,297
2452,9489Date_04_08_2019.jpg,armature,509,683,48,276
1168,31519Date_13_08_2019.jpg,armature,131,506,27,205
840,14399Date_06_08_2019.jpg,armature,151,279,112,397
865,14522Date_06_08_2019.jpg,armature,604,703,211,337
436,1211Date_02_08_2019.jpg,wood,135,198,132,221
720,13757Date_06_08_2019.jpg,armature,114,244,193,340
1752,4074Date_03_08_2019.jpg,armature,123,454,0,353
463,12293Date_05_08_2019.jpg,armature,45,329,1,281
2386,9132Date_04_08_2019.jpg,armature,2,138,0,168
855,14462Date_06_08_2019.jpg,armature,485,525,268,384
647,13118Date_06_08_2019.jpg,armature,209,502,28,217
2518,9878Date_05_08_2019.jpg,armature,146,345,1,195
965,1822Date_02_08_2019.jpg,armature,107,564,154,360
1665,37470Date_15_08_2019.jpg,armature,234,703,219,405
123,0507Date_02_08_2019.jpg,armature,144,250,221,411
148,0624Date_02_08_2019.jpg,armature,519,588,50,185
1425,34145Date_14_08_2019.jpg,other,124,158,74,228
161,0747Date_02_08_2019.jpg,armature,473,676,16,117
90,0377Date_01_08_2019.jpg,armature,83,573,19,262
1102,2868Date_02_08_2019.jpg,armature,145,606,19,288
2284,8278Date_04_08_2019.jpg,armature,207,453,57,133
231,10158Date_05_08_2019.jpg,armature,125,431,297,419
2340,8815Date_04_08_2019.jpg,armature,3,304,204,298
2048,6284Date_03_08_2019.jpg,wood,6,374,101,419
87,0361Date_01_08_2019.jpg,armature,147,259,122,310
1384,33742Date_14_08_2019.jpg,armature,189,587,77,419
1565,3596Date_03_08_2019.jpg,armature,246,318,245,320
1672,37586Date_15_08_2019.jpg,armature,173,495,57,397
567,12741Date_06_08_2019.jpg,armature,387,702,273,336
1214,32186Date_13_08_2019.jpg,armature,231,587,0,397
211,10050Date_05_08_2019.jpg,armature,358,496,66,399
1726,3902Date_03_08_2019.jpg,armature,116,439,149,418
993,2063Date_02_08_2019.jpg,armature,164,277,239,278
164,0748Date_02_08_2019.jpg,armature,573,697,171,267
244,10330Date_05_08_2019.jpg,armature,168,510,73,407
1328,3317Date_02_08_2019.jpg,armature,103,297,231,418
2078,6596Date_03_08_2019.jpg,armature,18,211,79,365
2407,9230Date_04_08_2019.jpg,armature,1,127,35,334
677,1336Date_02_08_2019.jpg,wood,308,378,162,325
1782,4203Date_03_08_2019.jpg,armature,403,701,32,98
1082,2770Date_02_08_2019.jpg,armature,0,236,66,164
1148,3062Date_02_08_2019.jpg,armature,166,340,27,222
94,0387Date_01_08_2019.jpg,armature,172,636,46,288
2071,6521Date_03_08_2019.jpg,armature,136,517,90,420
2317,8544Date_04_08_2019.jpg,armature,96,336,236,393
1311,33099Date_13_08_2019.jpg,armature,93,435,24,330
2361,9017Date_04_08_2019.jpg,armature,101,307,21,360
1151,3097Date_02_08_2019.jpg,armature,269,505,23,301
1913,5258Date_03_08_2019.jpg,armature,122,454,268,366
76,0329Date_01_08_2019.jpg,armature,104,429,217,337
2180,7495Date_04_08_2019.jpg,wood,148,438,233,338
316,11083Date_05_08_2019.jpg,wood,578,648,220,305
2358,8988Date_04_08_2019.jpg,armature,371,617,105,272
2156,7238Date_04_08_2019.jpg,armature,180,350,0,393
1919,5374Date_03_08_2019.jpg,armature,106,332,87,372
1949,5685Date_03_08_2019.jpg,armature,127,436,141,393
1209,3201Date_02_08_2019.jpg,armature,74,284,0,326
2309,8480Date_04_08_2019.jpg,armature,64,307,23,363
2255,8142Date_04_08_2019.jpg,other,120,342,181,418
378,11728Date_05_08_2019.jpg,armature,250,378,37,378
1733,3975Date_03_08_2019.jpg,armature,225,564,103,381
1165,31371Date_13_08_2019.jpg,armature,358,545,2,279
1849,4718Date_03_08_2019.jpg,armature,365,559,94,174
437,12136Date_05_08_2019.jpg,armature,53,143,0,114
2328,8700Date_04_08_2019.jpg,armature,182,472,2,417
1953,5732Date_03_08_2019.jpg,armature,143,419,71,375
876,14586Date_06_08_2019.jpg,wood,353,408,236,358
1530,35386Date_14_08_2019.jpg,armature,71,449,305,420
2202,7733Date_04_08_2019.jpg,armature,4,94,325,411
1670,37576Date_15_08_2019.jpg,armature,151,423,29,387
759,13924Date_06_08_2019.jpg,armature,566,703,81,283
1708,38251Date_16_08_2019.jpg,wood,479,599,307,379
489,12474Date_05_08_2019.jpg,armature,128,338,0,317
6,0020Date_01_08_2019.jpg,armature,92,370,159,244
431,12074Date_05_08_2019.jpg,wood,169,301,12,87
802,14118Date_06_08_2019.jpg,armature,1,469,38,259
73,0307Date_01_08_2019.jpg,armature,110,253,283,367
493,12480Date_05_08_2019.jpg,armature,352,699,88,417
858,14480Date_06_08_2019.jpg,armature,6,308,0,241
1192,31805Date_13_08_2019.jpg,armature,144,275,39,359
888,14659Date_06_08_2019.jpg,armature,119,239,170,308
2217,7829Date_04_08_2019.jpg,armature,103,314,71,157
11,0039Date_01_08_2019.jpg,armature,374,543,149,375
1458,3446Date_02_08_2019.jpg,armature,150,367,4,316
2468,9591Date_04_08_2019.jpg,armature,35,250,54,381
710,13705Date_06_08_2019.jpg,armature,152,309,171,376
441,12157Date_05_08_2019.jpg,armature,206,343,324,364
398,11840Date_05_08_2019.jpg,wood,319,423,171,270
2087,6631Date_03_08_2019.jpg,armature,170,410,0,195
2378,9098Date_04_08_2019.jpg,armature,94,343,160,391
1313,33101Date_13_08_2019.jpg,armature,235,582,38,343
1172,31537Date_13_08_2019.jpg,armature,255,580,19,366
297,10780Date_05_08_2019.jpg,armature,538,688,60,392
440,12143Date_05_08_2019.jpg,armature,374,521,187,376
2495,9684Date_05_08_2019.jpg,wood,419,513,8,280
985,1968Date_02_08_2019.jpg,armature,2,353,14,188
1955,5747Date_03_08_2019.jpg,wood,141,228,163,279
189,0956Date_02_08_2019.jpg,armature,2,62,15,161
941,1589Date_02_08_2019.jpg,armature,491,578,79,116
930,1530Date_02_08_2019.jpg,armature,2,360,79,165
1176,31556Date_13_08_2019.jpg,armature,146,613,28,349
1713,38307Date_16_08_2019.jpg,armature,299,527,101,146
1840,4663Date_03_08_2019.jpg,armature,103,322,1,261
347,1134Date_02_08_2019.jpg,armature,123,436,28,242
1489,3503Date_02_08_2019.jpg,armature,578,689,227,317
2104,6760Date_04_08_2019.jpg,armature,126,457,51,419
1605,36484Date_15_08_2019.jpg,armature,107,359,91,402
1020,2348Date_02_08_2019.jpg,armature,117,403,13,280
1710,38272Date_16_08_2019.jpg,armature,491,703,50,193
1886,5005Date_03_08_2019.jpg,armature,400,481,179,301
1213,32180Date_13_08_2019.jpg,armature,575,703,144,399
126,0524Date_02_08_2019.jpg,armature,168,675,69,292
2269,8196Date_04_08_2019.jpg,armature,119,603,15,420
984,1947Date_02_08_2019.jpg,wood,274,449,216,338
961,1791Date_02_08_2019.jpg,wood,179,339,208,368
789,14073Date_06_08_2019.jpg,armature,91,699,1,197
1646,37118Date_15_08_2019.jpg,armature,182,485,186,419
74,0316Date_01_08_2019.jpg,wood,101,215,39,165
419,12005Date_05_08_2019.jpg,armature,211,344,0,62
623,12990Date_06_08_2019.jpg,armature,152,180,0,115
379,11728Date_05_08_2019.jpg,other,211,276,87,243
1515,35276Date_14_08_2019.jpg,armature,165,538,271,419
1839,4661Date_03_08_2019.jpg,armature,152,470,125,298
1643,37086Date_15_08_2019.jpg,armature,162,389,1,266
81,0344Date_01_08_2019.jpg,armature,3,156,24,377
387,11783Date_05_08_2019.jpg,wood,106,216,219,399
1909,5228Date_03_08_2019.jpg,armature,149,410,227,282
2305,8445Date_04_08_2019.jpg,armature,490,584,0,407
1479,34950Date_14_08_2019.jpg,armature,143,380,11,419
1162,3136Date_02_08_2019.jpg,armature,107,612,31,185
324,11219Date_05_08_2019.jpg,armature,58,210,2,262
824,14309Date_06_08_2019.jpg,armature,354,698,85,222
963,17out159.jpg,wood,427,702,33,230
712,13714Date_06_08_2019.jpg,wood,170,281,129,190
718,13756Date_06_08_2019.jpg,armature,69,491,0,325
1418,34044Date_14_08_2019.jpg,armature,6,404,70,208
425,12031Date_05_08_2019.jpg,armature,93,494,3,418
169,0820Date_02_08_2019.jpg,armature,561,598,4,143
1048,2631Date_02_08_2019.jpg,armature,1,195,103,200
1459,3451Date_02_08_2019.jpg,armature,498,703,214,286
333,11291Date_05_08_2019.jpg,other,308,482,52,328
1315,33111Date_13_08_2019.jpg,armature,119,428,80,418
851,14444Date_06_08_2019.jpg,armature,160,303,276,419
2502,9746Date_05_08_2019.jpg,armature,121,460,139,285
1260,32569Date_13_08_2019.jpg,armature,240,436,94,349
1551,35684Date_15_08_2019.jpg,armature,65,251,85,335
1784,4208Date_03_08_2019.jpg,armature,215,348,193,418
243,10329Date_05_08_2019.jpg,armature,128,420,52,421
977,1910Date_02_08_2019.jpg,armature,2,149,248,282
390,11800Date_05_08_2019.jpg,armature,81,447,249,418
1566,35971Date_15_08_2019.jpg,armature,555,703,60,271
810,1415Date_02_08_2019.jpg,wood,154,229,158,300
1272,32737Date_13_08_2019.jpg,armature,131,260,51,314
1433,34187Date_14_08_2019.jpg,armature,187,483,59,386
1379,33711Date_14_08_2019.jpg,armature,105,565,114,392
1537,35462Date_14_08_2019.jpg,armature,70,288,2,246
1399,33846Date_14_08_2019.jpg,armature,133,613,0,276
905,14755Date_06_08_2019.jpg,armature,12,167,0,151
1414,33938Date_14_08_2019.jpg,armature,107,328,1,97
1397,33843Date_14_08_2019.jpg,armature,579,634,28,408
1776,4165Date_03_08_2019.jpg,armature,319,563,1,313
585,12834Date_06_08_2019.jpg,armature,396,641,0,419
1552,35685Date_15_08_2019.jpg,armature,85,430,0,352
16,0058Date_01_08_2019.jpg,armature,198,524,6,283
2435,9406Date_04_08_2019.jpg,wood,117,228,89,316
597,12892Date_06_08_2019.jpg,armature,14,301,0,333
1160,3121Date_02_08_2019.jpg,armature,269,523,244,421
512,12523Date_05_08_2019.jpg,armature,173,251,124,413
1432,34155Date_14_08_2019.jpg,armature,421,624,261,419
492,1247Date_02_08_2019.jpg,armature,117,347,1,199
2014,6086Date_03_08_2019.jpg,wood,271,357,185,329
2035,6175Date_03_08_2019.jpg,armature,228,410,247,409
310,10978Date_05_08_2019.jpg,armature,206,318,79,201
108,0445Date_02_08_2019.jpg,armature,240,346,224,381
1833,4620Date_03_08_2019.jpg,armature,167,320,14,280
847,14433Date_06_08_2019.jpg,wood,131,281,272,388
1541,3551Date_03_08_2019.jpg,armature,19,484,82,415
610,12922Date_06_08_2019.jpg,armature,141,522,87,399
2298,8377Date_04_08_2019.jpg,armature,2,428,255,421
578,1279Date_02_08_2019.jpg,armature,393,680,126,405
566,12740Date_06_08_2019.jpg,armature,81,608,66,306
179,0876Date_02_08_2019.jpg,armature,344,544,41,102
1984,5934Date_03_08_2019.jpg,wood,44,144,259,325
878,1458Date_02_08_2019.jpg,armature,1,68,1,234
1010,2259Date_02_08_2019.jpg,wood,318,416,180,297
2175,7410Date_04_08_2019.jpg,armature,38,381,1,420
1930,5461Date_03_08_2019.jpg,armature,521,611,292,393
30,0095Date_01_08_2019.jpg,armature,121,180,174,297
2380,9114Date_04_08_2019.jpg,armature,338,544,121,389
2509,9821Date_05_08_2019.jpg,armature,57,192,96,191
1173,31537Date_13_08_2019.jpg,armature,4,212,1,351
1250,32529Date_13_08_2019.jpg,wood,169,238,32,125
2095,6700Date_03_08_2019.jpg,wood,238,333,322,412
1958,5760Date_03_08_2019.jpg,armature,102,271,33,366
629,13007Date_06_08_2019.jpg,wood,102,193,189,417
266,1043Date_02_08_2019.jpg,armature,175,371,1,420
7,0021Date_01_08_2019.jpg,armature,277,536,205,261
2088,6648Date_03_08_2019.jpg,armature,159,336,1,420
1692,37951Date_16_08_2019.jpg,armature,1,196,56,307
1106,2900Date_02_08_2019.jpg,armature,121,464,141,325
2198,7716Date_04_08_2019.jpg,armature,524,704,75,334
2282,8265Date_04_08_2019.jpg,armature,44,266,3,212
751,13865Date_06_08_2019.jpg,armature,340,703,3,373
257,10410Date_05_08_2019.jpg,armature,77,371,141,420
1828,4584Date_03_08_2019.jpg,armature,363,443,0,274
1276,32758Date_13_08_2019.jpg,armature,383,454,0,173
884,14624Date_06_08_2019.jpg,other,51,434,1,420
570,1275Date_02_08_2019.jpg,armature,174,558,2,420
1592,36251Date_15_08_2019.jpg,armature,223,700,154,418
370,11590Date_05_08_2019.jpg,armature,342,442,129,419
1516,3528Date_03_08_2019.jpg,armature,204,549,3,273
206,10037Date_05_08_2019.jpg,armature,94,594,1,318
1396,33842Date_14_08_2019.jpg,armature,169,518,0,378
1944,5659Date_03_08_2019.jpg,armature,142,515,5,249
279,10540Date_05_08_2019.jpg,wood,254,370,0,96
417,11998Date_05_08_2019.jpg,armature,114,284,206,357
2536,9954Date_05_08_2019.jpg,armature,83,228,229,269
2434,9404Date_04_08_2019.jpg,armature,101,248,16,271
785,1402Date_02_08_2019.jpg,armature,357,655,109,302
1810,4377Date_03_08_2019.jpg,armature,13,254,0,204
2038,6189Date_03_08_2019.jpg,wood,237,275,73,255
1186,3176Date_02_08_2019.jpg,armature,49,426,199,415
1681,37756Date_15_08_2019.jpg,armature,269,546,283,420
1012,2321Date_02_08_2019.jpg,armature,40,495,41,296
327,11270Date_05_08_2019.jpg,armature,69,371,2,413
288,10732Date_05_08_2019.jpg,wood,123,152,190,334
898,1472Date_02_08_2019.jpg,other,373,505,240,420
1005,2236Date_02_08_2019.jpg,armature,65,375,109,350
2153,7206Date_04_08_2019.jpg,armature,302,637,120,371
2028,6156Date_03_08_2019.jpg,wood,118,157,63,194
1644,37099Date_15_08_2019.jpg,armature,2,319,0,396
2385,9131Date_04_08_2019.jpg,armature,104,323,173,258
863,14508Date_06_08_2019.jpg,wood,95,168,248,357
265,1043Date_02_08_2019.jpg,armature,205,404,0,360
184,0918Date_02_08_2019.jpg,wood,131,194,284,419
320,11118Date_05_08_2019.jpg,armature,121,393,0,373
973,1901Date_02_08_2019.jpg,armature,21,268,46,393
1875,4927Date_03_08_2019.jpg,armature,468,612,40,421
1858,4762Date_03_08_2019.jpg,armature,45,411,97,326
222,10082Date_05_08_2019.jpg,armature,42,163,226,333
274,10473Date_05_08_2019.jpg,armature,79,329,157,360
713,13728Date_06_08_2019.jpg,armature,118,158,209,324
2500,9734Date_05_08_2019.jpg,armature,185,352,213,261
120,0497Date_02_08_2019.jpg,armature,125,391,333,370
1501,35101Date_14_08_2019.jpg,armature,8,430,1,366
950,1724Date_02_08_2019.jpg,other,138,215,100,235
704,13652Date_06_08_2019.jpg,armature,94,357,54,334
270,10446Date_05_08_2019.jpg,armature,284,574,371,419
1802,4238Date_03_08_2019.jpg,armature,130,437,0,230
1415,33991Date_14_08_2019.jpg,armature,112,231,26,354
1564,35947Date_15_08_2019.jpg,armature,116,420,10,248
1822,4494Date_03_08_2019.jpg,armature,291,555,0,418
772,13994Date_06_08_2019.jpg,armature,442,702,135,339
1946,5676Date_03_08_2019.jpg,wood,644,703,206,327
728,13808Date_06_08_2019.jpg,wood,323,544,98,318
1558,3575Date_03_08_2019.jpg,armature,392,567,159,402
1756,4091Date_03_08_2019.jpg,armature,123,446,100,408
1064,2695Date_02_08_2019.jpg,armature,293,459,109,419
364,11510Date_05_08_2019.jpg,wood,316,535,199,408
1618,3664Date_03_08_2019.jpg,armature,231,482,7,334
461,12290Date_05_08_2019.jpg,armature,1,153,5,113
508,12512Date_05_08_2019.jpg,armature,140,452,148,420
2218,7833Date_04_08_2019.jpg,armature,337,599,56,321
1084,2771Date_02_08_2019.jpg,armature,370,656,10,315
916,1485Date_02_08_2019.jpg,armature,1,93,275,327
159,0738Date_02_08_2019.jpg,armature,364,646,2,288
1827,4582Date_03_08_2019.jpg,armature,149,315,0,292
1974,5897Date_03_08_2019.jpg,wood,445,539,394,420
517,1253Date_02_08_2019.jpg,armature,636,703,116,222
1570,36002Date_15_08_2019.jpg,armature,124,561,38,375
1634,36992Date_15_08_2019.jpg,armature,189,561,18,408
2323,8633Date_04_08_2019.jpg,armature,207,342,1,204
2039,6202Date_03_08_2019.jpg,armature,151,514,198,387
1669,37521Date_15_08_2019.jpg,armature,1,263,80,419
2164,7348Date_04_08_2019.jpg,armature,602,685,89,404
2301,8438Date_04_08_2019.jpg,armature,166,493,19,333
2360,9001Date_04_08_2019.jpg,armature,176,569,9,352
2142,7091Date_04_08_2019.jpg,wood,575,701,11,146
2233,8012Date_04_08_2019.jpg,armature,98,199,298,385
50,0229Date_01_08_2019.jpg,armature,3,249,28,377
875,14581Date_06_08_2019.jpg,wood,84,189,0,230
2329,8701Date_04_08_2019.jpg,armature,406,685,19,420
2318,8552Date_04_08_2019.jpg,wood,107,311,164,311
1013,2325Date_02_08_2019.jpg,armature,201,514,100,359
2310,8483Date_04_08_2019.jpg,other,33,195,1,174
226,10107Date_05_08_2019.jpg,armature,234,393,28,214
646,13103Date_06_08_2019.jpg,armature,100,165,277,420
2109,6787Date_04_08_2019.jpg,armature,179,408,22,329
450,12247Date_05_08_2019.jpg,armature,176,558,175,394
2519,9879Date_05_08_2019.jpg,armature,333,539,1,273
1902,5138Date_03_08_2019.jpg,wood,167,404,8,260
488,12472Date_05_08_2019.jpg,wood,182,335,331,357
369,11589Date_05_08_2019.jpg,armature,115,197,111,419
928,1524Date_02_08_2019.jpg,armature,4,363,83,346
1968,5845Date_03_08_2019.jpg,armature,245,421,329,366
515,12538Date_05_08_2019.jpg,armature,285,702,105,297
573,12776Date_06_08_2019.jpg,armature,131,416,3,231
1447,3437Date_02_08_2019.jpg,armature,414,591,249,400
525,12574Date_05_08_2019.jpg,armature,153,279,73,159
506,12505Date_05_08_2019.jpg,armature,111,469,46,274
1766,4138Date_03_08_2019.jpg,armature,265,363,32,420
1001,2204Date_02_08_2019.jpg,other,252,512,29,287
622,12982Date_06_08_2019.jpg,armature,501,682,154,251
1765,4137Date_03_08_2019.jpg,armature,128,327,23,199
1514,35251Date_14_08_2019.jpg,armature,138,564,185,397
1252,32537Date_13_08_2019.jpg,armature,137,543,29,382
400,11869Date_05_08_2019.jpg,wood,151,225,247,315
1456,34442Date_14_08_2019.jpg,armature,353,477,35,418
2478,9611Date_04_08_2019.jpg,armature,99,306,112,277
514,12536Date_05_08_2019.jpg,armature,78,703,13,164
1926,5445Date_03_08_2019.jpg,armature,13,282,0,320
1271,32704Date_13_08_2019.jpg,armature,149,528,3,420
707,13682Date_06_08_2019.jpg,wood,79,248,38,308
158,0737Date_02_08_2019.jpg,armature,128,431,0,260
1017,2339Date_02_08_2019.jpg,armature,116,313,64,133
278,10521Date_05_08_2019.jpg,armature,0,319,11,374
467,12301Date_05_08_2019.jpg,armature,262,518,39,378
1211,3212Date_02_08_2019.jpg,armature,2,164,10,234
1273,32743Date_13_08_2019.jpg,armature,389,528,68,314
1801,4231Date_03_08_2019.jpg,armature,89,400,1,303
180,0885Date_02_08_2019.jpg,armature,38,154,245,337
218,1006Date_02_08_2019.jpg,armature,107,473,11,261
2445,9460Date_04_08_2019.jpg,armature,84,392,214,364
837,14388Date_06_08_2019.jpg,armature,66,349,123,420
66,0285Date_01_08_2019.jpg,armature,319,418,55,153
509,12514Date_05_08_2019.jpg,armature,295,703,116,291
1324,3313Date_02_08_2019.jpg,armature,255,441,109,374
2117,6899Date_04_08_2019.jpg,wood,137,190,309,380
277,10513Date_05_08_2019.jpg,armature,127,315,190,296
1191,31803Date_13_08_2019.jpg,armature,152,300,79,409
1429,34154Date_14_08_2019.jpg,armature,217,433,244,419
655,13148Date_06_08_2019.jpg,armature,99,384,37,378
112,0468Date_02_08_2019.jpg,armature,276,394,128,363
375,11679Date_05_08_2019.jpg,armature,1,337,1,154
1815,4436Date_03_08_2019.jpg,armature,0,250,22,234
1790,4218Date_03_08_2019.jpg,armature,145,501,65,224
154,0657Date_02_08_2019.jpg,armature,203,466,1,329
969,1891Date_02_08_2019.jpg,wood,469,500,132,261
2107,6772Date_04_08_2019.jpg,armature,30,230,108,379
1135,3003Date_02_08_2019.jpg,armature,4,124,234,254
1899,5102Date_03_08_2019.jpg,armature,68,333,236,373
1781,4200Date_03_08_2019.jpg,wood,211,309,147,400
2070,6511Date_03_08_2019.jpg,armature,144,597,211,407
191,0963Date_02_08_2019.jpg,armature,172,284,247,420
2336,8792Date_04_08_2019.jpg,wood,157,211,170,411
1074,2740Date_02_08_2019.jpg,armature,132,309,163,419
2154,7228Date_04_08_2019.jpg,wood,108,344,23,364
313,11036Date_05_08_2019.jpg,wood,248,354,81,120
485,12467Date_05_08_2019.jpg,wood,198,249,89,284
817,14254Date_06_08_2019.jpg,armature,459,567,259,419
1118,2969Date_02_08_2019.jpg,wood,102,246,92,274
1929,5461Date_03_08_2019.jpg,armature,136,542,106,419
1499,35090Date_14_08_2019.jpg,armature,149,508,50,346
1548,35659Date_15_08_2019.jpg,armature,171,450,0,186
328,1127Date_02_08_2019.jpg,armature,131,425,265,420
1907,5219Date_03_08_2019.jpg,armature,204,647,0,262
26,0091Date_01_08_2019.jpg,armature,154,351,237,421
481,12424Date_05_08_2019.jpg,armature,445,702,40,309
1354,33387Date_13_08_2019.jpg,armature,250,644,2,149
503,12499Date_05_08_2019.jpg,armature,109,442,215,332
162,0747Date_02_08_2019.jpg,armature,477,702,157,293
1593,3625Date_03_08_2019.jpg,armature,66,415,1,142
389,11796Date_05_08_2019.jpg,armature,133,421,110,289
2129,6967Date_04_08_2019.jpg,armature,90,481,267,411
1808,4367Date_03_08_2019.jpg,armature,376,620,79,374
1941,5627Date_03_08_2019.jpg,armature,265,424,3,418
1699,3801Date_03_08_2019.jpg,armature,279,489,43,339
2242,8070Date_04_08_2019.jpg,armature,1,257,135,364
523,12572Date_05_08_2019.jpg,armature,108,273,136,279
2232,8012Date_04_08_2019.jpg,armature,25,85,167,235
2514,9844Date_05_08_2019.jpg,armature,318,652,95,420
1916,5331Date_03_08_2019.jpg,armature,115,502,153,419
2068,6503Date_03_08_2019.jpg,armature,135,330,118,258
1410,33926Date_14_08_2019.jpg,armature,354,663,175,403
1915,5310Date_03_08_2019.jpg,other,359,602,204,417
1914,5288Date_03_08_2019.jpg,wood,98,234,0,152
352,11381Date_05_08_2019.jpg,wood,100,248,155,370
2244,8078Date_04_08_2019.jpg,armature,5,270,302,411
1994,5989Date_03_08_2019.jpg,wood,321,421,274,419
2019,6096Date_03_08_2019.jpg,wood,150,210,115,261
1137,3005Date_02_08_2019.jpg,armature,439,656,295,419
2065,6433Date_03_08_2019.jpg,armature,434,703,60,311
633,13034Date_06_08_2019.jpg,wood,85,169,39,112
303,10921Date_05_08_2019.jpg,other,357,502,54,250
255,10410Date_05_08_2019.jpg,armature,148,423,33,399
1874,4921Date_03_08_2019.jpg,armature,63,399,73,374
1156,3105Date_02_08_2019.jpg,armature,295,566,124,419
426,12032Date_05_08_2019.jpg,armature,223,587,2,420
45,0195Date_01_08_2019.jpg,armature,305,511,15,419
1687,37936Date_16_08_2019.jpg,armature,158,358,127,420
1338,3327Date_02_08_2019.jpg,armature,115,335,46,419
2106,6772Date_04_08_2019.jpg,armature,396,620,71,408
535,12614Date_05_08_2019.jpg,armature,111,516,10,324
2523,9896Date_05_08_2019.jpg,armature,128,374,214,387
550,12672Date_06_08_2019.jpg,armature,144,454,221,362
803,14118Date_06_08_2019.jpg,armature,448,700,171,379
1392,3381Date_02_08_2019.jpg,armature,333,578,134,420
778,14007Date_06_08_2019.jpg,armature,136,618,216,385
811,14166Date_06_08_2019.jpg,armature,238,606,4,388
15,0056Date_01_08_2019.jpg,armature,16,267,79,257
1302,33021Date_13_08_2019.jpg,armature,2,322,3,369
1998,5990Date_03_08_2019.jpg,wood,30,78,111,292
1903,5139Date_03_08_2019.jpg,wood,235,460,239,352
788,14072Date_06_08_2019.jpg,armature,2,386,0,174
1615,36641Date_15_08_2019.jpg,armature,98,346,172,400
596,12886Date_06_08_2019.jpg,armature,206,306,86,395
879,14594Date_06_08_2019.jpg,armature,130,300,65,378
662,13191Date_06_08_2019.jpg,armature,118,614,30,281
1814,4430Date_03_08_2019.jpg,wood,83,170,56,204
2085,6621Date_03_08_2019.jpg,armature,137,629,129,357
372,11595Date_05_08_2019.jpg,wood,68,190,156,295
2389,9133Date_04_08_2019.jpg,armature,169,504,211,420
670,1327Date_02_08_2019.jpg,armature,289,665,129,418
1464,34843Date_14_08_2019.jpg,armature,79,284,118,332
2034,6168Date_03_08_2019.jpg,armature,119,416,2,286
1706,38249Date_16_08_2019.jpg,wood,240,393,323,419
1649,37153Date_15_08_2019.jpg,wood,193,337,63,201
1358,33470Date_14_08_2019.jpg,armature,118,252,129,285
2268,8194Date_04_08_2019.jpg,armature,209,700,1,405
1891,5038Date_03_08_2019.jpg,armature,114,470,2,288
2116,6899Date_04_08_2019.jpg,wood,466,589,336,411
1851,4734Date_03_08_2019.jpg,armature,195,295,239,300
2538,9975Date_05_08_2019.jpg,armature,229,324,214,369
2400,9166Date_04_08_2019.jpg,armature,156,357,37,372
1101,2857Date_02_08_2019.jpg,armature,89,190,190,301
762,13938Date_06_08_2019.jpg,armature,2,380,0,268
601,12899Date_06_08_2019.jpg,armature,1,287,67,421
1887,5033Date_03_08_2019.jpg,armature,139,368,65,377
1256,3255Date_02_08_2019.jpg,armature,156,438,16,361
2427,9386Date_04_08_2019.jpg,armature,300,469,202,363
547,12664Date_06_08_2019.jpg,armature,540,640,57,154
1471,34892Date_14_08_2019.jpg,armature,90,281,89,342
531,12604Date_05_08_2019.jpg,armature,33,357,85,354
1529,35385Date_14_08_2019.jpg,armature,18,272,290,420
2437,9407Date_04_08_2019.jpg,wood,430,533,111,335
996,2159Date_02_08_2019.jpg,armature,4,274,15,413
1023,2357Date_02_08_2019.jpg,armature,642,701,155,420
839,14395Date_06_08_2019.jpg,armature,184,322,58,247
983,1944Date_02_08_2019.jpg,armature,169,205,321,411
321,11120Date_05_08_2019.jpg,armature,561,703,110,416
1731,3941Date_03_08_2019.jpg,armature,447,642,5,419
1663,3744Date_03_08_2019.jpg,other,535,612,13,155
2411,9239Date_04_08_2019.jpg,armature,1,103,297,378
116,0484Date_02_08_2019.jpg,wood,208,272,61,184
611,12923Date_06_08_2019.jpg,armature,472,661,280,420
1333,3318Date_02_08_2019.jpg,armature,302,530,250,420
241,10291Date_05_08_2019.jpg,armature,133,323,19,385
1864,4843Date_03_08_2019.jpg,armature,185,318,281,351
1806,4343Date_03_08_2019.jpg,armature,147,599,77,372
2405,9197Date_04_08_2019.jpg,armature,163,317,240,322
2144,7119Date_04_08_2019.jpg,armature,0,310,71,368
2245,8079Date_04_08_2019.jpg,armature,174,488,314,420
992,2059Date_02_08_2019.jpg,wood,154,222,42,353
1750,4050Date_03_08_2019.jpg,wood,61,250,87,390
527,12576Date_05_08_2019.jpg,armature,305,367,152,295
560,12703Date_06_08_2019.jpg,armature,14,213,46,352
615,12939Date_06_08_2019.jpg,wood,270,302,5,200
2377,9094Date_04_08_2019.jpg,armature,533,598,1,240
444,12168Date_05_08_2019.jpg,armature,104,302,256,351
1788,4216Date_03_08_2019.jpg,armature,191,359,38,127
353,11389Date_05_08_2019.jpg,armature,152,388,2,97
25,0088Date_01_08_2019.jpg,armature,272,660,168,418
626,1299Date_02_08_2019.jpg,armature,176,474,83,284
21,0067Date_01_08_2019.jpg,armature,3,240,30,365
1438,34209Date_14_08_2019.jpg,wood,33,61,268,406
1169,31520Date_13_08_2019.jpg,armature,127,699,55,243
795,14088Date_06_08_2019.jpg,armature,523,703,85,418
2527,9906Date_05_08_2019.jpg,armature,145,241,21,195
2238,8060Date_04_08_2019.jpg,armature,34,335,39,307
1834,4621Date_03_08_2019.jpg,armature,366,525,28,289
692,13540Date_06_08_2019.jpg,wood,162,264,345,417
1985,5935Date_03_08_2019.jpg,wood,85,187,263,325
1339,3329Date_02_08_2019.jpg,armature,275,301,294,420
2248,8095Date_04_08_2019.jpg,armature,66,487,1,330
939,1586Date_02_08_2019.jpg,armature,98,569,159,370
2204,7743Date_04_08_2019.jpg,armature,282,702,240,354
2413,9242Date_04_08_2019.jpg,armature,8,337,3,380
61,0261Date_01_08_2019.jpg,armature,244,614,0,302
2195,7666Date_04_08_2019.jpg,armature,201,519,57,363
84,0348Date_01_08_2019.jpg,armature,135,557,58,300
466,12300Date_05_08_2019.jpg,other,529,652,109,265
699,13601Date_06_08_2019.jpg,armature,397,554,33,322
2190,7555Date_04_08_2019.jpg,armature,274,695,163,324
357,1142Date_02_08_2019.jpg,armature,310,664,171,419
99,0407Date_02_08_2019.jpg,armature,275,328,79,250
1712,3829Date_03_08_2019.jpg,armature,27,267,244,332
940,1587Date_02_08_2019.jpg,armature,139,665,159,378
549,1266Date_02_08_2019.jpg,armature,28,297,130,191
2349,8902Date_04_08_2019.jpg,wood,77,259,81,363
1033,2567Date_02_08_2019.jpg,armature,445,543,317,367
1951,5716Date_03_08_2019.jpg,armature,109,357,162,291
1316,33112Date_13_08_2019.jpg,armature,164,474,85,421
367,1156Date_02_08_2019.jpg,armature,25,323,80,284
2331,8744Date_04_08_2019.jpg,armature,1,176,1,322
2027,6156Date_03_08_2019.jpg,wood,622,668,200,320
562,12705Date_06_08_2019.jpg,armature,583,702,91,393
325,11244Date_05_08_2019.jpg,armature,157,449,207,361
949,1722Date_02_08_2019.jpg,other,420,477,208,299
252,10406Date_05_08_2019.jpg,armature,118,354,1,259
1114,2959Date_02_08_2019.jpg,armature,25,323,2,417
2143,7100Date_04_08_2019.jpg,wood,412,513,18,52
2236,8029Date_04_08_2019.jpg,armature,3,186,48,421
1920,5406Date_03_08_2019.jpg,armature,171,452,17,333
2018,6094Date_03_08_2019.jpg,wood,547,589,53,175
2281,8254Date_04_08_2019.jpg,other,432,509,207,399
1508,35222Date_14_08_2019.jpg,armature,145,379,115,213
1488,3502Date_02_08_2019.jpg,armature,214,587,194,418
227,10135Date_05_08_2019.jpg,armature,7,414,241,371
1512,35241Date_14_08_2019.jpg,armature,117,144,2,118
128,0534Date_02_08_2019.jpg,armature,299,489,15,412
968,1887Date_02_08_2019.jpg,armature,128,389,231,420
156,0716Date_02_08_2019.jpg,armature,130,246,53,114
1419,34052Date_14_08_2019.jpg,armature,1,338,233,419
1002,2223Date_02_08_2019.jpg,armature,176,253,103,271
890,14669Date_06_08_2019.jpg,armature,214,418,182,215
1612,3661Date_03_08_2019.jpg,armature,100,249,66,181
1921,5407Date_03_08_2019.jpg,armature,460,702,42,247
